State,State_abbrev,Year,Beer (Per capita consumption),Wine (Per capita consumption),Spirits (Per capita consumption),All beverages (Per capita consumption)
Alabama,AL,2016,1.09,0.26,0.65,2.01
Alabama,AL,2015,1.11,0.26,0.64,2.01
Alabama,AL,2014,1.13,0.25,0.62,2
Alabama,AL,2013,1.14,0.25,0.6,1.99
Alabama,AL,2012,1.16,0.24,0.6,2
Alabama,AL,2011,1.16,0.24,0.59,1.98
Alabama,AL,2010,1.17,0.23,0.58,1.98
Alabama,AL,2009,1.19,0.22,0.57,1.98
Alabama,AL,2008,1.22,0.22,0.57,2.01
Alabama,AL,2007,1.23,0.22,0.55,2
Alabama,AL,2006,1.21,0.21,0.54,1.95
Alabama,AL,2005,1.18,0.2,0.53,1.91
Alabama,AL,2004,1.19,0.2,0.52,1.91
Alabama,AL,2003,1.19,0.19,0.52,1.9
Alabama,AL,2002,1.18,0.21,0.54,1.92
Alabama,AL,2001,1.16,0.17,0.53,1.86
Alabama,AL,2000,1.19,0.18,0.51,1.88
Alabama,AL,1999,1.18,0.17,0.51,1.87
Alabama,AL,1998,1.16,0.17,0.51,1.85
Alabama,AL,1997,1.14,0.16,0.52,1.82
Alabama,AL,1996,1.17,0.18,0.53,1.88
Alabama,AL,1995,1.14,0.16,0.53,1.82
Alabama,AL,1994,1.16,0.17,0.54,1.87
Alabama,AL,1993,1.14,0.17,0.56,1.86
Alabama,AL,1992,1.02,0.19,0.59,1.79
Alabama,AL,1991,1,0.17,0.59,1.76
Alabama,AL,1990,1.12,0.18,0.61,1.92
Alabama,AL,1989,1.12,0.17,0.61,1.9
Alabama,AL,1988,1.12,0.19,0.62,1.92
Alabama,AL,1987,1.11,0.18,0.62,1.91
Alabama,AL,1986,1.1,0.18,0.65,1.92
Alabama,AL,1985,1.07,0.17,0.67,1.92
Alabama,AL,1984,1.03,0.19,0.69,1.91
Alabama,AL,1983,1.01,0.17,0.72,1.9
Alabama,AL,1982,1,0.18,0.72,1.9
Alabama,AL,1981,1,0.19,0.73,1.91
Alabama,AL,1980,0.95,0.16,0.74,1.86
Alabama,AL,1979,0.96,0.12,0.82,1.9
Alabama,AL,1978,0.95,0.12,0.85,1.92
Alabama,AL,1977,0.97,0.12,0.82,1.92
Alaska,AK,2016,1.15,0.56,1.23,2.94
Alaska,AK,2015,1.11,0.53,1.2,2.84
Alaska,AK,2014,1.11,0.52,1.16,2.79
Alaska,AK,2013,1.07,0.52,1.17,2.75
Alaska,AK,2012,1.17,0.53,1.13,2.83
Alaska,AK,2011,1.15,0.54,1.17,2.86
Alaska,AK,2010,1.23,0.55,1.25,3.03
Alaska,AK,2009,1.32,0.54,1.16,3.02
Alaska,AK,2008,1.2,0.49,1.09,2.78
Alaska,AK,2007,1.13,0.44,0.96,2.53
Alaska,AK,2006,1.25,0.47,1.03,2.75
Alaska,AK,2005,1.23,0.43,0.98,2.64
Alaska,AK,2004,1.31,0.44,0.95,2.71
Alaska,AK,2003,1.27,0.37,0.79,2.43
Alaska,AK,2002,1.35,0.45,1.19,2.99
Alaska,AK,2001,1.32,0.38,0.96,2.67
Alaska,AK,2000,1.37,0.37,0.94,2.68
Alaska,AK,1999,1.4,0.38,0.95,2.74
Alaska,AK,1998,1.39,0.37,0.95,2.71
Alaska,AK,1997,1.31,0.36,0.88,2.56
Alaska,AK,1996,1.31,0.38,0.94,2.63
Alaska,AK,1995,1.45,0.39,1.02,2.86
Alaska,AK,1994,1.53,0.4,1.1,3.03
Alaska,AK,1993,1.31,0.32,0.92,2.55
Alaska,AK,1992,1.53,0.41,1.08,3.02
Alaska,AK,1991,1.54,0.43,1.14,3.11
Alaska,AK,1990,1.62,0.46,1.25,3.33
Alaska,AK,1989,1.52,0.44,1.19,3.15
Alaska,AK,1988,1.54,0.47,1.19,3.21
Alaska,AK,1987,1.6,0.52,1.26,3.38
Alaska,AK,1986,1.65,0.55,1.25,3.45
Alaska,AK,1985,1.63,0.56,1.48,3.68
Alaska,AK,1984,1.67,0.56,1.5,3.72
Alaska,AK,1983,1.71,0.59,1.65,3.95
Alaska,AK,1982,1.69,0.54,1.68,3.92
Alaska,AK,1981,1.68,0.56,1.79,4.02
Alaska,AK,1980,1.54,0.5,1.68,3.72
Alaska,AK,1979,1.48,0.46,1.63,3.58
Alaska,AK,1978,1.39,0.45,1.67,3.51
Alaska,AK,1977,1.19,0.42,1.69,3.3
Arizona,AZ,2016,1.14,0.4,0.78,2.31
Arizona,AZ,2015,1.16,0.4,0.78,2.34
Arizona,AZ,2014,1.18,0.4,0.79,2.37
Arizona,AZ,2013,1.13,0.42,0.81,2.36
Arizona,AZ,2012,1.14,0.45,0.84,2.43
Arizona,AZ,2011,1.15,0.44,0.8,2.39
Arizona,AZ,2010,1.23,0.41,0.76,2.39
Arizona,AZ,2009,1.22,0.39,0.77,2.38
Arizona,AZ,2008,1.3,0.41,0.77,2.48
Arizona,AZ,2007,1.39,0.34,0.78,2.51
Arizona,AZ,2006,1.34,0.38,0.79,2.51
Arizona,AZ,2005,1.35,0.4,0.76,2.51
Arizona,AZ,2004,1.4,0.34,0.71,2.44
Arizona,AZ,2003,1.41,0.37,0.71,2.49
Arizona,AZ,2002,1.46,0.33,0.69,2.48
Arizona,AZ,2001,1.47,0.33,0.7,2.5
Arizona,AZ,2000,1.48,0.31,0.71,2.5
Arizona,AZ,1999,1.47,0.34,0.69,2.51
Arizona,AZ,1998,1.44,0.33,0.68,2.45
Arizona,AZ,1997,1.45,0.31,0.68,2.44
Arizona,AZ,1996,1.52,0.33,0.73,2.58
Arizona,AZ,1995,1.47,0.29,0.68,2.44
Arizona,AZ,1994,1.52,0.29,0.7,2.5
Arizona,AZ,1993,1.58,0.27,0.76,2.62
Arizona,AZ,1992,1.58,0.31,0.8,2.69
Arizona,AZ,1991,1.58,0.35,0.78,2.71
Arizona,AZ,1990,1.59,0.37,0.8,2.77
Arizona,AZ,1989,1.63,0.35,0.83,2.81
Arizona,AZ,1988,1.6,0.41,0.86,2.87
Arizona,AZ,1987,1.64,0.45,0.84,2.93
Arizona,AZ,1986,1.74,0.45,0.9,3.09
Arizona,AZ,1985,1.66,0.45,0.99,3.11
Arizona,AZ,1984,1.55,0.44,1.05,3.04
Arizona,AZ,1983,1.6,0.43,0.99,3.02
Arizona,AZ,1982,1.71,0.39,0.98,3.07
Arizona,AZ,1981,1.76,0.42,1,3.18
Arizona,AZ,1980,1.68,0.36,0.97,3.01
Arizona,AZ,1979,1.71,0.36,1.07,3.15
Arizona,AZ,1978,1.66,0.35,1.03,3.04
Arizona,AZ,1977,1.6,0.32,0.99,2.92
Arkansas,AR,2016,0.93,0.22,0.65,1.8
Arkansas,AR,2015,0.97,0.22,0.65,1.83
Arkansas,AR,2014,0.96,0.21,0.62,1.79
Arkansas,AR,2013,1,0.2,0.6,1.81
Arkansas,AR,2012,1,0.2,0.6,1.81
Arkansas,AR,2011,0.98,0.18,0.56,1.72
Arkansas,AR,2010,1.02,0.19,0.57,1.77
Arkansas,AR,2009,1.03,0.17,0.57,1.78
Arkansas,AR,2008,1.05,0.17,0.55,1.77
Arkansas,AR,2007,1.02,0.15,0.51,1.69
Arkansas,AR,2006,1.05,0.16,0.54,1.75
Arkansas,AR,2005,1.03,0.15,0.5,1.67
Arkansas,AR,2004,1.04,0.15,0.49,1.68
Arkansas,AR,2003,1.06,0.14,0.56,1.77
Arkansas,AR,2002,1.09,0.14,0.53,1.75
Arkansas,AR,2001,1.08,0.13,0.53,1.74
Arkansas,AR,2000,1.09,0.12,0.53,1.74
Arkansas,AR,1999,1.09,0.12,0.54,1.75
Arkansas,AR,1998,1.1,0.11,0.51,1.73
Arkansas,AR,1997,1.07,0.12,0.52,1.71
Arkansas,AR,1996,1.07,0.12,0.53,1.72
Arkansas,AR,1995,1.06,0.11,0.51,1.68
Arkansas,AR,1994,1.06,0.13,0.46,1.65
Arkansas,AR,1993,1.1,0.11,0.58,1.79
Arkansas,AR,1992,1.13,0.12,0.65,1.9
Arkansas,AR,1991,1.12,0.11,0.58,1.81
Arkansas,AR,1990,1.12,0.13,0.61,1.86
Arkansas,AR,1989,1.1,0.13,0.58,1.82
Arkansas,AR,1988,1.09,0.14,0.54,1.78
Arkansas,AR,1987,1.09,0.11,0.53,1.74
Arkansas,AR,1986,1.08,0.09,0.49,1.65
Arkansas,AR,1985,1.04,0.13,0.59,1.77
Arkansas,AR,1984,1.03,0.12,0.64,1.8
Arkansas,AR,1983,1.03,0.13,0.63,1.79
Arkansas,AR,1982,1.03,0.12,0.63,1.78
Arkansas,AR,1981,1.06,0.12,0.68,1.86
Arkansas,AR,1980,1,0.12,0.68,1.81
Arkansas,AR,1979,0.9,0.09,0.55,1.54
Arkansas,AR,1978,0.95,0.11,0.71,1.76
Arkansas,AR,1977,0.89,0.1,0.61,1.61
California,CA,2016,0.96,0.59,0.78,2.33
California,CA,2015,0.99,0.53,0.75,2.28
California,CA,2014,1,0.6,0.73,2.32
California,CA,2013,0.98,0.6,0.75,2.33
California,CA,2012,0.98,0.63,0.74,2.35
California,CA,2011,0.95,0.58,0.72,2.25
California,CA,2010,0.97,0.49,0.71,2.16
California,CA,2009,1.01,0.57,0.7,2.28
California,CA,2008,1.05,0.55,0.7,2.3
California,CA,2007,1.06,0.54,0.7,2.3
California,CA,2006,1.02,0.56,0.7,2.29
California,CA,2005,1.03,0.54,0.69,2.26
California,CA,2004,1.07,0.52,0.67,2.25
California,CA,2003,1.07,0.51,0.65,2.23
California,CA,2002,1.08,0.49,0.64,2.21
California,CA,2001,1.09,0.48,0.63,2.2
California,CA,2000,1.12,0.48,0.64,2.24
California,CA,1999,1.12,0.48,0.62,2.22
California,CA,1998,1.11,0.49,0.61,2.21
California,CA,1997,1.14,0.52,0.62,2.28
California,CA,1996,1.13,0.5,0.64,2.27
California,CA,1995,1.15,0.46,0.63,2.24
California,CA,1994,1.09,0.47,0.68,2.24
California,CA,1993,1.17,0.48,0.69,2.35
California,CA,1992,1.28,0.51,0.75,2.54
California,CA,1991,1.22,0.49,0.75,2.46
California,CA,1990,1.32,0.59,0.87,2.78
California,CA,1989,1.29,0.6,0.85,2.75
California,CA,1988,1.32,0.67,0.88,2.86
California,CA,1987,1.35,0.73,0.92,3
California,CA,1986,1.35,0.78,0.95,3.08
California,CA,1985,1.32,0.78,1.02,3.11
California,CA,1984,1.37,0.73,1.06,3.16
California,CA,1983,1.36,0.74,1.1,3.21
California,CA,1982,1.37,0.72,1.13,3.22
California,CA,1981,1.43,0.72,1.2,3.35
California,CA,1980,1.41,0.71,1.24,3.36
California,CA,1979,1.39,0.68,1.25,3.32
California,CA,1978,1.33,0.67,1.29,3.28
California,CA,1977,1.29,0.65,1.25,3.19
Colorado,CO,2016,1.14,0.51,1.16,2.81
Colorado,CO,2015,1.12,0.51,1.14,2.77
Colorado,CO,2014,1.14,0.51,1.11,2.77
Colorado,CO,2013,1.2,0.5,1.11,2.81
Colorado,CO,2012,1.15,0.52,1.08,2.76
Colorado,CO,2011,1.2,0.49,1.04,2.73
Colorado,CO,2010,1.22,0.48,1.01,2.71
Colorado,CO,2009,1.23,0.46,1.01,2.7
Colorado,CO,2008,1.28,0.47,1.02,2.77
Colorado,CO,2007,1.3,0.47,1.01,2.78
Colorado,CO,2006,1.29,0.45,0.98,2.72
Colorado,CO,2005,1.31,0.42,0.99,2.72
Colorado,CO,2004,1.3,0.43,0.95,2.68
Colorado,CO,2003,1.33,0.4,0.87,2.6
Colorado,CO,2002,1.35,0.39,0.9,2.64
Colorado,CO,2001,1.42,0.41,0.96,2.78
Colorado,CO,2000,1.35,0.37,0.89,2.6
Colorado,CO,1999,1.33,0.37,0.75,2.45
Colorado,CO,1998,1.33,0.37,0.83,2.53
Colorado,CO,1997,1.3,0.37,0.81,2.48
Colorado,CO,1996,1.36,0.37,0.84,2.57
Colorado,CO,1995,1.34,0.35,0.78,2.47
Colorado,CO,1994,1.36,0.35,0.84,2.55
Colorado,CO,1993,1.4,0.36,0.86,2.63
Colorado,CO,1992,1.34,0.36,0.81,2.52
Colorado,CO,1991,1.39,0.35,0.87,2.61
Colorado,CO,1990,1.35,0.29,0.75,2.39
Colorado,CO,1989,1.42,0.38,0.85,2.64
Colorado,CO,1988,1.44,0.4,0.92,2.76
Colorado,CO,1987,1.45,0.45,0.94,2.84
Colorado,CO,1986,1.49,0.47,0.95,2.9
Colorado,CO,1985,1.48,0.5,1.18,3.17
Colorado,CO,1984,1.51,0.46,1.12,3.1
Colorado,CO,1983,1.57,0.46,1.12,3.15
Colorado,CO,1982,1.63,0.46,1.17,3.26
Colorado,CO,1981,1.62,0.44,1.26,3.32
Colorado,CO,1980,1.56,0.46,1.31,3.33
Colorado,CO,1979,1.63,0.46,1.33,3.42
Colorado,CO,1978,1.6,0.46,1.39,3.46
Colorado,CO,1977,1.4,0.36,1.19,2.95
Connecticut,CT,2016,0.85,0.62,0.98,2.45
Connecticut,CT,2015,0.85,0.61,0.95,2.41
Connecticut,CT,2014,0.84,0.6,0.92,2.37
Connecticut,CT,2013,0.85,0.61,0.91,2.37
Connecticut,CT,2012,0.86,0.61,0.91,2.39
Connecticut,CT,2011,0.86,0.62,0.88,2.35
Connecticut,CT,2010,0.88,0.6,0.87,2.35
Connecticut,CT,2009,0.88,0.59,0.85,2.31
Connecticut,CT,2008,0.93,0.58,0.85,2.36
Connecticut,CT,2007,0.92,0.57,0.84,2.33
Connecticut,CT,2006,0.93,0.56,0.81,2.3
Connecticut,CT,2005,0.9,0.54,0.79,2.23
Connecticut,CT,2004,0.93,0.53,0.79,2.25
Connecticut,CT,2003,0.93,0.52,0.78,2.23
Connecticut,CT,2002,0.95,0.5,0.75,2.21
Connecticut,CT,2001,0.95,0.5,0.74,2.19
Connecticut,CT,2000,0.94,0.49,0.74,2.18
Connecticut,CT,1999,0.94,0.49,0.75,2.18
Connecticut,CT,1998,0.96,0.49,0.76,2.21
Connecticut,CT,1997,0.95,0.48,0.74,2.17
Connecticut,CT,1996,0.91,0.46,0.72,2.09
Connecticut,CT,1995,0.96,0.46,0.78,2.2
Connecticut,CT,1994,0.99,0.43,0.78,2.2
Connecticut,CT,1993,0.96,0.44,0.8,2.2
Connecticut,CT,1992,1.01,0.45,0.83,2.3
Connecticut,CT,1991,1.03,0.43,0.84,2.29
Connecticut,CT,1990,1.09,0.45,0.92,2.46
Connecticut,CT,1989,1.07,0.46,0.96,2.5
Connecticut,CT,1988,1.12,0.5,1.05,2.67
Connecticut,CT,1987,1.14,0.51,1.1,2.75
Connecticut,CT,1986,1.11,0.51,1.14,2.76
Connecticut,CT,1985,1.12,0.5,1.19,2.81
Connecticut,CT,1984,1.1,0.49,1.19,2.78
Connecticut,CT,1983,1.1,0.49,1.22,2.8
Connecticut,CT,1982,1.04,0.49,1.21,2.74
Connecticut,CT,1981,1.05,0.44,1.18,2.67
Connecticut,CT,1980,1.06,0.43,1.2,2.69
Connecticut,CT,1979,1.14,0.4,1.21,2.76
Connecticut,CT,1978,1.09,0.38,1.21,2.69
Connecticut,CT,1977,1.06,0.35,1.23,2.64
Delaware,DE,2016,1.2,0.73,1.79,3.72
Delaware,DE,2015,1.18,0.72,1.74,3.65
Delaware,DE,2014,1.21,0.72,1.66,3.59
Delaware,DE,2013,1.25,0.72,1.63,3.59
Delaware,DE,2012,1.32,0.69,1.58,3.59
Delaware,DE,2011,1.34,0.69,1.52,3.55
Delaware,DE,2010,1.36,0.66,1.36,3.38
Delaware,DE,2009,1.32,0.65,1.34,3.31
Delaware,DE,2008,1.35,0.57,1.23,3.15
Delaware,DE,2007,1.38,0.59,1.23,3.19
Delaware,DE,2006,1.41,0.59,1.26,3.26
Delaware,DE,2005,1.42,0.58,1.24,3.25
Delaware,DE,2004,1.42,0.57,1.28,3.27
Delaware,DE,2003,1.38,0.57,1.18,3.12
Delaware,DE,2002,1.39,0.52,1.1,3.01
Delaware,DE,2001,1.39,0.49,1.07,2.94
Delaware,DE,2000,1.36,0.48,1.05,2.89
Delaware,DE,1999,1.4,0.48,1.03,2.9
Delaware,DE,1998,1.41,0.47,1.03,2.91
Delaware,DE,1997,1.37,0.46,0.99,2.81
Delaware,DE,1996,1.39,0.45,0.94,2.78
Delaware,DE,1995,1.3,0.4,0.92,2.62
Delaware,DE,1994,1.43,0.38,0.95,2.76
Delaware,DE,1993,1.46,0.35,0.95,2.76
Delaware,DE,1992,1.4,0.36,0.97,2.73
Delaware,DE,1991,1.4,0.35,0.95,2.7
Delaware,DE,1990,1.44,0.37,1.14,2.95
Delaware,DE,1989,1.43,0.39,1.15,2.96
Delaware,DE,1988,1.46,0.41,1.21,3.08
Delaware,DE,1987,1.46,0.43,1.23,3.12
Delaware,DE,1986,1.46,0.45,1.25,3.16
Delaware,DE,1985,1.48,0.41,1.31,3.2
Delaware,DE,1984,1.52,0.39,1.29,3.2
Delaware,DE,1983,1.55,0.35,1.35,3.25
Delaware,DE,1982,1.54,0.34,1.38,3.26
Delaware,DE,1981,1.52,0.33,1.4,3.24
Delaware,DE,1980,1.44,0.29,1.37,3.11
Delaware,DE,1979,1.35,0.26,1.31,2.92
Delaware,DE,1978,1.31,0.24,1.3,2.85
Delaware,DE,1977,1.3,0.23,1.33,2.86
District of Columbia,DC,2016,1.13,1.03,1.69,3.85
District of Columbia,DC,2015,1.15,1.02,1.68,3.85
District of Columbia,DC,2014,1.16,1.01,1.68,3.84
District of Columbia,DC,2013,1.17,1.01,1.66,3.84
District of Columbia,DC,2012,1.18,1.01,1.65,3.85
District of Columbia,DC,2011,1.19,1.01,1.62,3.82
District of Columbia,DC,2010,1.22,1,1.61,3.83
District of Columbia,DC,2009,1.26,1,1.62,3.88
District of Columbia,DC,2008,1.35,1.01,1.64,4
District of Columbia,DC,2007,1.37,1,1.63,4
District of Columbia,DC,2006,1.38,0.96,1.6,3.94
District of Columbia,DC,2005,1.4,0.93,1.56,3.9
District of Columbia,DC,2004,1.38,0.91,1.52,3.8
District of Columbia,DC,2003,1.38,0.88,1.51,3.76
District of Columbia,DC,2002,1.36,0.83,1.47,3.66
District of Columbia,DC,2001,1.36,0.79,1.46,3.61
District of Columbia,DC,2000,1.39,0.81,1.45,3.65
District of Columbia,DC,1999,1.38,0.78,1.36,3.52
District of Columbia,DC,1998,1.37,0.78,1.57,3.73
District of Columbia,DC,1997,1.42,0.8,1.61,3.83
District of Columbia,DC,1996,1.34,0.87,1.47,3.67
District of Columbia,DC,1995,1.49,0.77,1.52,3.79
District of Columbia,DC,1994,1.5,0.74,1.52,3.76
District of Columbia,DC,1993,1.51,0.73,1.54,3.78
District of Columbia,DC,1992,1.61,0.7,1.74,4.05
District of Columbia,DC,1991,1.42,0.61,1.85,3.89
District of Columbia,DC,1990,1.42,0.76,1.96,4.14
District of Columbia,DC,1989,1.39,0.82,1.72,3.92
District of Columbia,DC,1988,1.38,0.93,1.9,4.22
District of Columbia,DC,1987,1.41,0.95,2.26,4.62
District of Columbia,DC,1986,1.45,1,2.09,4.54
District of Columbia,DC,1985,1.44,1,2.35,4.8
District of Columbia,DC,1984,1.51,1.07,2.59,5.17
District of Columbia,DC,1983,1.51,1.05,2.71,5.27
District of Columbia,DC,1982,1.46,0.99,2.88,5.33
District of Columbia,DC,1981,1.48,1.05,2.89,5.42
District of Columbia,DC,1980,1.49,0.99,2.94,5.41
District of Columbia,DC,1979,1.42,0.96,2.92,5.3
District of Columbia,DC,1978,1.38,0.91,3.04,5.33
District of Columbia,DC,1977,1.35,0.86,3.16,5.37
Florida,FL,2016,1.09,0.53,1.03,2.65
Florida,FL,2015,1.11,0.51,0.98,2.6
Florida,FL,2014,1.09,0.51,0.98,2.59
Florida,FL,2013,1.28,0.49,0.95,2.72
Florida,FL,2012,1.26,0.51,0.95,2.72
Florida,FL,2011,1.13,0.49,0.93,2.54
Florida,FL,2010,1.12,0.47,0.91,2.5
Florida,FL,2009,1.19,0.48,0.91,2.58
Florida,FL,2008,1.24,0.48,0.89,2.61
Florida,FL,2007,1.28,0.48,0.92,2.68
Florida,FL,2006,1.32,0.47,0.91,2.7
Florida,FL,2005,1.33,0.46,0.91,2.7
Florida,FL,2004,1.34,0.46,0.88,2.68
Florida,FL,2003,1.31,0.44,0.86,2.61
Florida,FL,2002,1.32,0.43,0.84,2.58
Florida,FL,2001,1.32,0.4,0.82,2.54
Florida,FL,2000,1.32,0.41,0.83,2.56
Florida,FL,1999,1.33,0.4,0.8,2.53
Florida,FL,1998,1.33,0.38,0.79,2.5
Florida,FL,1997,1.36,0.37,0.8,2.53
Florida,FL,1996,1.36,0.37,0.81,2.54
Florida,FL,1995,1.34,0.35,0.82,2.5
Florida,FL,1994,1.4,0.33,0.87,2.6
Florida,FL,1993,1.44,0.33,0.92,2.68
Florida,FL,1992,1.45,0.34,0.96,2.75
Florida,FL,1991,1.43,0.34,0.92,2.69
Florida,FL,1990,1.54,0.39,1.04,2.96
Florida,FL,1989,1.51,0.39,1,2.89
Florida,FL,1988,1.5,0.41,1,2.91
Florida,FL,1987,1.5,0.42,1.03,2.95
Florida,FL,1986,1.5,0.41,1.05,2.96
Florida,FL,1985,1.47,0.41,1.16,3.04
Florida,FL,1984,1.46,0.4,1.23,3.09
Florida,FL,1983,1.55,0.39,1.22,3.16
Florida,FL,1982,1.54,0.4,1.32,3.26
Florida,FL,1981,1.54,0.39,1.37,3.3
Florida,FL,1980,1.4,0.37,1.41,3.18
Florida,FL,1979,1.38,0.34,1.41,3.14
Florida,FL,1978,1.34,0.32,1.4,3.07
Florida,FL,1977,1.27,0.31,1.4,2.99
Georgia,GA,2016,0.99,0.25,0.69,1.94
Georgia,GA,2015,1.01,0.25,0.68,1.94
Georgia,GA,2014,1.02,0.25,0.69,1.96
Georgia,GA,2013,1.03,0.25,0.69,1.97
Georgia,GA,2012,1.05,0.25,0.68,1.98
Georgia,GA,2011,1.06,0.25,0.67,1.98
Georgia,GA,2010,1.08,0.25,0.65,1.98
Georgia,GA,2009,1.11,0.25,0.65,2.01
Georgia,GA,2008,1.16,0.25,0.65,2.06
Georgia,GA,2007,1.19,0.26,0.65,2.1
Georgia,GA,2006,1.19,0.26,0.65,2.1
Georgia,GA,2005,1.17,0.26,0.64,2.07
Georgia,GA,2004,1.19,0.27,0.65,2.11
Georgia,GA,2003,1.2,0.26,0.66,2.13
Georgia,GA,2002,1.21,0.26,0.66,2.13
Georgia,GA,2001,1.2,0.25,0.65,2.11
Georgia,GA,2000,1.21,0.25,0.69,2.16
Georgia,GA,1999,1.23,0.25,0.7,2.18
Georgia,GA,1998,1.22,0.23,0.7,2.15
Georgia,GA,1997,1.2,0.23,0.7,2.13
Georgia,GA,1996,1.24,0.24,0.71,2.18
Georgia,GA,1995,1.21,0.21,0.7,2.12
Georgia,GA,1994,1.17,0.21,0.77,2.14
Georgia,GA,1993,1.23,0.2,0.77,2.2
Georgia,GA,1992,1.22,0.21,0.79,2.23
Georgia,GA,1991,1.16,0.22,0.78,2.17
Georgia,GA,1990,1.22,0.23,0.86,2.31
Georgia,GA,1989,1.18,0.24,0.94,2.36
Georgia,GA,1988,1.21,0.26,0.92,2.39
Georgia,GA,1987,1.21,0.27,1,2.48
Georgia,GA,1986,1.21,0.27,0.94,2.43
Georgia,GA,1985,1.17,0.25,1.01,2.44
Georgia,GA,1984,1.18,0.24,1.06,2.48
Georgia,GA,1983,1.14,0.22,1.06,2.42
Georgia,GA,1982,1.12,0.21,1.04,2.36
Georgia,GA,1981,1.1,0.18,1.09,2.38
Georgia,GA,1980,1.06,0.19,1.08,2.33
Georgia,GA,1979,1.11,0.18,1.16,2.44
Georgia,GA,1978,1.09,0.18,1.21,2.48
Georgia,GA,1977,1.03,0.15,1.19,2.37
Hawaii,HI,2016,1.29,0.57,0.77,2.63
Hawaii,HI,2015,1.28,0.56,0.77,2.6
Hawaii,HI,2014,1.27,0.54,0.77,2.59
Hawaii,HI,2013,1.25,0.54,0.77,2.56
Hawaii,HI,2012,1.26,0.53,0.75,2.54
Hawaii,HI,2011,1.25,0.53,0.73,2.52
Hawaii,HI,2010,1.25,0.52,0.71,2.48
Hawaii,HI,2009,1.27,0.51,0.71,2.49
Hawaii,HI,2008,1.33,0.51,0.72,2.56
Hawaii,HI,2007,1.3,0.48,0.77,2.55
Hawaii,HI,2006,1.28,0.47,0.77,2.52
Hawaii,HI,2005,1.3,0.45,0.72,2.47
Hawaii,HI,2004,1.38,0.43,0.7,2.5
Hawaii,HI,2003,1.3,0.42,0.66,2.38
Hawaii,HI,2002,1.27,0.39,0.62,2.28
Hawaii,HI,2001,1.3,0.38,0.6,2.28
Hawaii,HI,2000,1.33,0.39,0.6,2.32
Hawaii,HI,1999,1.31,0.39,0.56,2.26
Hawaii,HI,1998,1.32,0.37,0.54,2.22
Hawaii,HI,1997,1.38,0.4,0.56,2.33
Hawaii,HI,1996,1.4,0.36,0.58,2.34
Hawaii,HI,1995,1.41,0.34,0.57,2.32
Hawaii,HI,1994,1.46,0.38,0.62,2.46
Hawaii,HI,1993,1.49,0.37,0.65,2.51
Hawaii,HI,1992,1.55,0.39,0.69,2.63
Hawaii,HI,1991,1.57,0.4,0.7,2.67
Hawaii,HI,1990,1.64,0.4,0.79,2.84
Hawaii,HI,1989,1.56,0.43,0.8,2.79
Hawaii,HI,1988,1.64,0.45,0.8,2.89
Hawaii,HI,1987,1.59,0.41,0.77,2.76
Hawaii,HI,1986,1.61,0.44,0.86,2.91
Hawaii,HI,1985,1.61,0.42,0.88,2.91
Hawaii,HI,1984,1.66,0.41,0.92,2.99
Hawaii,HI,1983,1.89,0.44,1.13,3.45
Hawaii,HI,1982,1.8,0.48,1.14,3.41
Hawaii,HI,1981,1.74,0.44,1.16,3.34
Hawaii,HI,1980,1.64,0.46,1.2,3.3
Hawaii,HI,1979,1.51,0.42,1.21,3.14
Hawaii,HI,1978,1.33,0.44,1.25,3.02
Hawaii,HI,1977,1.55,0.35,1.21,3.11
Idaho,ID,2016,0.92,1.19,0.81,2.92
Idaho,ID,2015,0.93,1.14,0.79,2.87
Idaho,ID,2014,0.93,1.12,0.77,2.82
Idaho,ID,2013,0.96,1.08,0.77,2.81
Idaho,ID,2012,0.98,1.02,0.77,2.77
Idaho,ID,2011,1,0.92,0.73,2.65
Idaho,ID,2010,1.06,0.9,0.72,2.68
Idaho,ID,2009,1.05,0.91,0.7,2.67
Idaho,ID,2008,1.15,0.81,0.69,2.64
Idaho,ID,2007,1.17,0.73,0.67,2.58
Idaho,ID,2006,1.14,0.74,0.65,2.53
Idaho,ID,2005,1.11,0.74,0.61,2.45
Idaho,ID,2004,1.14,0.72,0.57,2.43
Idaho,ID,2003,1.15,0.65,0.55,2.35
Idaho,ID,2002,1.16,0.64,0.53,2.33
Idaho,ID,2001,1.14,0.63,0.53,2.3
Idaho,ID,2000,1.13,0.65,0.52,2.3
Idaho,ID,1999,1.09,0.68,0.52,2.29
Idaho,ID,1998,1.15,0.33,0.51,1.99
Idaho,ID,1997,1.11,0.32,0.52,1.95
Idaho,ID,1996,1.13,0.3,0.52,1.96
Idaho,ID,1995,1.18,0.3,0.54,2.01
Idaho,ID,1994,1.24,0.35,0.53,2.12
Idaho,ID,1993,1.26,0.29,0.55,2.11
Idaho,ID,1992,1.32,0.31,0.57,2.2
Idaho,ID,1991,1.31,0.32,0.56,2.19
Idaho,ID,1990,1.36,0.33,0.58,2.27
Idaho,ID,1989,1.27,0.31,0.57,2.16
Idaho,ID,1988,1.28,0.37,0.59,2.24
Idaho,ID,1987,1.33,0.39,0.59,2.31
Idaho,ID,1986,1.36,0.39,0.62,2.37
Idaho,ID,1985,1.36,0.36,0.71,2.43
Idaho,ID,1984,1.41,0.31,0.72,2.45
Idaho,ID,1983,1.45,0.3,0.77,2.52
Idaho,ID,1982,1.45,0.3,0.81,2.57
Idaho,ID,1981,1.54,0.33,0.83,2.69
Idaho,ID,1980,1.53,0.3,0.77,2.59
Idaho,ID,1979,1.51,0.27,0.82,2.6
Idaho,ID,1978,1.46,0.25,0.78,2.5
Idaho,ID,1977,1.47,0.22,0.78,2.47
Illinois,IL,2016,1.12,0.43,0.77,2.32
Illinois,IL,2015,1.13,0.43,0.8,2.36
Illinois,IL,2014,1.12,0.42,0.78,2.32
Illinois,IL,2013,1.13,0.42,0.78,2.33
Illinois,IL,2012,1.15,0.43,0.77,2.36
Illinois,IL,2011,1.19,0.41,0.75,2.35
Illinois,IL,2010,1.22,0.4,0.74,2.35
Illinois,IL,2009,1.24,0.39,0.73,2.36
Illinois,IL,2008,1.23,0.38,0.74,2.34
Illinois,IL,2007,1.24,0.41,0.74,2.38
Illinois,IL,2006,1.24,0.37,0.74,2.35
Illinois,IL,2005,1.23,0.34,0.71,2.29
Illinois,IL,2004,1.24,0.32,0.67,2.22
Illinois,IL,2003,1.26,0.35,0.74,2.36
Illinois,IL,2002,1.28,0.33,0.65,2.26
Illinois,IL,2001,1.27,0.32,0.68,2.28
Illinois,IL,2000,1.28,0.32,0.63,2.24
Illinois,IL,1999,1.29,0.33,0.66,2.27
Illinois,IL,1998,1.27,0.34,0.64,2.25
Illinois,IL,1997,1.26,0.35,0.65,2.26
Illinois,IL,1996,1.27,0.35,0.68,2.3
Illinois,IL,1995,1.3,0.33,0.66,2.29
Illinois,IL,1994,1.32,0.34,0.69,2.35
Illinois,IL,1993,1.32,0.34,0.72,2.38
Illinois,IL,1992,1.34,0.35,0.74,2.43
Illinois,IL,1991,1.38,0.34,0.76,2.48
Illinois,IL,1990,1.43,0.36,0.82,2.62
Illinois,IL,1989,1.42,0.36,0.85,2.63
Illinois,IL,1988,1.45,0.38,0.87,2.7
Illinois,IL,1987,1.43,0.39,0.88,2.71
Illinois,IL,1986,1.42,0.39,0.91,2.72
Illinois,IL,1985,1.39,0.38,0.99,2.76
Illinois,IL,1984,1.41,0.37,1.02,2.8
Illinois,IL,1983,1.43,0.35,1.03,2.82
Illinois,IL,1982,1.42,0.35,1.07,2.84
Illinois,IL,1981,1.44,0.35,1.12,2.91
Illinois,IL,1980,1.42,0.33,1.23,2.99
Illinois,IL,1979,1.42,0.32,1.15,2.89
Illinois,IL,1978,1.35,0.31,1.17,2.83
Illinois,IL,1977,1.32,0.3,1.2,2.82
Indiana,IN,2016,0.98,0.29,0.89,2.17
Indiana,IN,2015,0.98,0.28,0.88,2.14
Indiana,IN,2014,0.98,0.27,0.8,2.05
Indiana,IN,2013,1,0.28,0.81,2.09
Indiana,IN,2012,1.02,0.28,0.79,2.08
Indiana,IN,2011,1.02,0.27,0.73,2.02
Indiana,IN,2010,1.03,0.26,0.74,2.03
Indiana,IN,2009,1.08,0.25,0.72,2.05
Indiana,IN,2008,1.1,0.24,0.73,2.08
Indiana,IN,2007,1.13,0.24,0.72,2.09
Indiana,IN,2006,1.09,0.25,0.66,2
Indiana,IN,2005,1.11,0.22,0.68,2.01
Indiana,IN,2004,1.14,0.22,0.65,2.01
Indiana,IN,2003,1.11,0.21,0.64,1.96
Indiana,IN,2002,1.13,0.2,0.6,1.93
Indiana,IN,2001,1.15,0.19,0.62,1.96
Indiana,IN,2000,1.16,0.2,0.61,1.98
Indiana,IN,1999,1.16,0.19,0.59,1.94
Indiana,IN,1998,1.14,0.19,0.58,1.91
Indiana,IN,1997,1.09,0.18,0.59,1.85
Indiana,IN,1996,1.09,0.2,0.57,1.86
Indiana,IN,1995,1.14,0.2,0.58,1.92
Indiana,IN,1994,1.15,0.2,0.59,1.94
Indiana,IN,1993,1.15,0.19,0.64,1.98
Indiana,IN,1992,1.16,0.2,0.58,1.95
Indiana,IN,1991,1.22,0.19,0.6,2
Indiana,IN,1990,1.26,0.2,0.63,2.09
Indiana,IN,1989,1.23,0.2,0.64,2.07
Indiana,IN,1988,1.25,0.21,0.67,2.13
Indiana,IN,1987,1.26,0.23,0.67,2.16
Indiana,IN,1986,1.26,0.23,0.67,2.17
Indiana,IN,1985,1.26,0.22,0.73,2.2
Indiana,IN,1984,1.27,0.21,0.73,2.21
Indiana,IN,1983,1.28,0.19,0.73,2.2
Indiana,IN,1982,1.29,0.19,0.76,2.24
Indiana,IN,1981,1.29,0.18,0.78,2.24
Indiana,IN,1980,1.26,0.17,0.77,2.21
Indiana,IN,1979,1.21,0.15,0.78,2.15
Indiana,IN,1978,1.18,0.15,0.78,2.12
Indiana,IN,1977,1.13,0.14,0.77,2.03
Iowa,IA,2016,1.3,0.23,0.87,2.4
Iowa,IA,2015,1.31,0.22,0.83,2.36
Iowa,IA,2014,1.34,0.21,0.81,2.37
Iowa,IA,2013,1.33,0.22,0.79,2.34
Iowa,IA,2012,1.36,0.23,0.81,2.4
Iowa,IA,2011,1.38,0.21,0.78,2.37
Iowa,IA,2010,1.39,0.18,0.73,2.3
Iowa,IA,2009,1.42,0.18,0.72,2.31
Iowa,IA,2008,1.43,0.17,0.7,2.3
Iowa,IA,2007,1.41,0.17,0.67,2.25
Iowa,IA,2006,1.39,0.16,0.65,2.2
Iowa,IA,2005,1.4,0.16,0.61,2.16
Iowa,IA,2004,1.39,0.16,0.57,2.12
Iowa,IA,2003,1.38,0.15,0.54,2.07
Iowa,IA,2002,1.38,0.14,0.51,2.04
Iowa,IA,2001,1.36,0.13,0.5,1.99
Iowa,IA,2000,1.35,0.13,0.5,1.98
Iowa,IA,1999,1.34,0.13,0.48,1.95
Iowa,IA,1998,1.31,0.12,0.46,1.9
Iowa,IA,1997,1.28,0.12,0.45,1.85
Iowa,IA,1996,1.28,0.12,0.45,1.85
Iowa,IA,1995,1.26,0.11,0.44,1.8
Iowa,IA,1994,1.3,0.1,0.44,1.84
Iowa,IA,1993,1.28,0.11,0.48,1.87
Iowa,IA,1992,1.31,0.13,0.46,1.9
Iowa,IA,1991,1.32,0.16,0.52,2.01
Iowa,IA,1990,1.34,0.18,0.54,2.06
Iowa,IA,1989,1.3,0.19,0.52,2.01
Iowa,IA,1988,1.32,0.2,0.53,2.06
Iowa,IA,1987,1.34,0.22,0.59,2.14
Iowa,IA,1986,1.35,0.2,0.54,2.09
Iowa,IA,1985,1.33,0.14,0.58,2.06
Iowa,IA,1984,1.39,0.12,0.62,2.13
Iowa,IA,1983,1.4,0.13,0.65,2.18
Iowa,IA,1982,1.4,0.13,0.65,2.19
Iowa,IA,1981,1.44,0.13,0.69,2.26
Iowa,IA,1980,1.41,0.13,0.71,2.25
Iowa,IA,1979,1.4,0.11,0.71,2.22
Iowa,IA,1978,1.38,0.11,0.74,2.23
Iowa,IA,1977,1.33,0.1,0.74,2.17
Kansas,KS,2016,1.02,0.14,0.75,1.92
Kansas,KS,2015,1.03,0.14,0.74,1.91
Kansas,KS,2014,1.04,0.14,0.75,1.93
Kansas,KS,2013,0.99,0.14,0.76,1.88
Kansas,KS,2012,1.09,0.14,0.72,1.95
Kansas,KS,2011,1.07,0.14,0.69,1.9
Kansas,KS,2010,1.13,0.14,0.68,1.95
Kansas,KS,2009,1.18,0.14,0.67,1.99
Kansas,KS,2008,1.22,0.14,0.65,2.01
Kansas,KS,2007,1.17,0.15,0.64,1.96
Kansas,KS,2006,1.14,0.18,0.61,1.94
Kansas,KS,2005,1.14,0.18,0.57,1.89
Kansas,KS,2004,1.14,0.16,0.56,1.86
Kansas,KS,2003,1.16,0.17,0.56,1.89
Kansas,KS,2002,1.19,0.15,0.54,1.88
Kansas,KS,2001,1.12,0.15,0.53,1.8
Kansas,KS,2000,1.13,0.15,0.53,1.82
Kansas,KS,1999,1.12,0.15,0.54,1.81
Kansas,KS,1998,1.08,0.13,0.54,1.76
Kansas,KS,1997,1.07,0.12,0.48,1.67
Kansas,KS,1996,1.04,0.12,0.49,1.65
Kansas,KS,1995,1.04,0.12,0.5,1.66
Kansas,KS,1994,1.12,0.13,0.48,1.73
Kansas,KS,1993,1.09,0.14,0.52,1.75
Kansas,KS,1992,1.09,0.14,0.55,1.78
Kansas,KS,1991,1.15,0.14,0.57,1.85
Kansas,KS,1990,1.13,0.13,0.53,1.79
Kansas,KS,1989,1.13,0.13,0.55,1.81
Kansas,KS,1988,1.13,0.22,0.57,1.92
Kansas,KS,1987,1.14,0.17,0.57,1.88
Kansas,KS,1986,1.14,0.17,0.6,1.91
Kansas,KS,1985,1.18,0.15,0.64,1.97
Kansas,KS,1984,1.19,0.14,0.63,1.96
Kansas,KS,1983,1.2,0.13,0.64,1.97
Kansas,KS,1982,1.22,0.13,0.67,2.03
Kansas,KS,1981,1.23,0.12,0.7,2.05
Kansas,KS,1980,1.22,0.11,0.61,1.95
Kansas,KS,1979,1.19,0.12,0.74,2.04
Kansas,KS,1978,1.15,0.12,0.65,1.91
Kansas,KS,1977,1.14,0.1,0.65,1.9
Kentucky,KY,2016,0.96,0.22,0.79,1.98
Kentucky,KY,2015,0.99,0.22,0.76,1.97
Kentucky,KY,2014,0.94,0.21,0.72,1.88
Kentucky,KY,2013,0.95,0.2,0.7,1.85
Kentucky,KY,2012,0.97,0.2,0.7,1.87
Kentucky,KY,2011,0.94,0.19,0.66,1.79
Kentucky,KY,2010,1,0.18,0.66,1.83
Kentucky,KY,2009,1.02,0.18,0.65,1.85
Kentucky,KY,2008,1.03,0.17,0.65,1.85
Kentucky,KY,2007,1.04,0.17,0.63,1.85
Kentucky,KY,2006,1.04,0.17,0.62,1.82
Kentucky,KY,2005,1.04,0.14,0.61,1.8
Kentucky,KY,2004,1.07,0.17,0.57,1.81
Kentucky,KY,2003,1.03,0.15,0.57,1.75
Kentucky,KY,2002,1.08,0.14,0.54,1.77
Kentucky,KY,2001,1.04,0.12,0.46,1.63
Kentucky,KY,2000,1.07,0.14,0.53,1.74
Kentucky,KY,1999,1.07,0.13,0.54,1.74
Kentucky,KY,1998,1.08,0.13,0.53,1.74
Kentucky,KY,1997,1.07,0.13,0.53,1.72
Kentucky,KY,1996,1.09,0.13,0.54,1.76
Kentucky,KY,1995,1.06,0.11,0.54,1.71
Kentucky,KY,1994,1.08,0.11,0.55,1.73
Kentucky,KY,1993,1.08,0.1,0.55,1.73
Kentucky,KY,1992,1.04,0.11,0.56,1.71
Kentucky,KY,1991,1.11,0.11,0.56,1.78
Kentucky,KY,1990,1.12,0.11,0.6,1.83
Kentucky,KY,1989,1.09,0.12,0.57,1.79
Kentucky,KY,1988,1.1,0.12,0.6,1.82
Kentucky,KY,1987,1.04,0.14,0.6,1.78
Kentucky,KY,1986,1.1,0.14,0.63,1.86
Kentucky,KY,1985,1.08,0.14,0.66,1.88
Kentucky,KY,1984,1.06,0.13,0.68,1.87
Kentucky,KY,1983,1.13,0.12,0.7,1.95
Kentucky,KY,1982,1.14,0.12,0.72,1.99
Kentucky,KY,1981,1.13,0.1,0.75,1.99
Kentucky,KY,1980,1.08,0.1,0.73,1.91
Kentucky,KY,1979,1.07,0.09,0.75,1.91
Kentucky,KY,1978,1.04,0.09,0.75,1.88
Kentucky,KY,1977,1.16,0.09,0.73,1.98
Louisiana,LA,2016,1.25,0.34,1,2.59
Louisiana,LA,2015,1.27,0.33,0.98,2.59
Louisiana,LA,2014,1.3,0.33,0.95,2.58
Louisiana,LA,2013,1.34,0.32,0.93,2.58
Louisiana,LA,2012,1.38,0.32,0.9,2.59
Louisiana,LA,2011,1.39,0.3,0.88,2.57
Louisiana,LA,2010,1.42,0.28,0.84,2.55
Louisiana,LA,2009,1.5,0.28,0.85,2.63
Louisiana,LA,2008,1.55,0.26,0.83,2.64
Louisiana,LA,2007,1.57,0.27,0.81,2.66
Louisiana,LA,2006,1.59,0.25,0.78,2.63
Louisiana,LA,2005,1.47,0.24,0.71,2.41
Louisiana,LA,2004,1.38,0.26,0.73,2.36
Louisiana,LA,2003,1.41,0.25,0.72,2.38
Louisiana,LA,2002,1.32,0.24,0.7,2.26
Louisiana,LA,2001,1.49,0.23,0.69,2.41
Louisiana,LA,2000,1.51,0.22,0.7,2.44
Louisiana,LA,1999,1.52,0.24,0.69,2.45
Louisiana,LA,1998,1.48,0.23,0.7,2.4
Louisiana,LA,1997,1.51,0.23,0.71,2.44
Louisiana,LA,1996,1.52,0.22,0.72,2.46
Louisiana,LA,1995,1.51,0.21,0.73,2.46
Louisiana,LA,1994,1.45,0.21,0.73,2.39
Louisiana,LA,1993,1.53,0.21,0.72,2.47
Louisiana,LA,1992,1.55,0.22,0.74,2.51
Louisiana,LA,1991,1.52,0.21,0.73,2.46
Louisiana,LA,1990,1.53,0.23,0.78,2.54
Louisiana,LA,1989,1.47,0.24,0.74,2.45
Louisiana,LA,1988,1.49,0.24,0.71,2.44
Louisiana,LA,1987,1.4,0.25,0.77,2.41
Louisiana,LA,1986,1.42,0.26,0.79,2.47
Louisiana,LA,1985,1.37,0.28,0.87,2.52
Louisiana,LA,1984,1.42,0.29,0.95,2.66
Louisiana,LA,1983,1.44,0.31,1.03,2.77
Louisiana,LA,1982,1.49,0.3,1,2.78
Louisiana,LA,1981,1.49,0.28,1.02,2.79
Louisiana,LA,1980,1.4,0.27,1.03,2.7
Louisiana,LA,1979,1.32,0.25,1.04,2.61
Louisiana,LA,1978,1.32,0.25,1.04,2.6
Louisiana,LA,1977,1.27,0.25,1,2.51
Maine,ME,2016,1.36,0.44,1.01,2.81
Maine,ME,2015,1.37,0.44,0.97,2.78
Maine,ME,2014,1.36,0.42,0.93,2.71
Maine,ME,2013,1.36,0.42,0.91,2.69
Maine,ME,2012,1.34,0.42,0.89,2.65
Maine,ME,2011,1.31,0.42,0.87,2.6
Maine,ME,2010,1.3,0.42,0.84,2.56
Maine,ME,2009,1.31,0.42,0.82,2.55
Maine,ME,2008,1.33,0.42,0.81,2.56
Maine,ME,2007,1.35,0.42,0.8,2.57
Maine,ME,2006,1.34,0.42,0.78,2.54
Maine,ME,2005,1.34,0.41,0.77,2.52
Maine,ME,2004,1.26,0.41,0.76,2.44
Maine,ME,2003,1.25,0.4,0.74,2.39
Maine,ME,2002,1.23,0.4,0.7,2.33
Maine,ME,2001,1.21,0.37,0.7,2.28
Maine,ME,2000,1.17,0.38,0.68,2.23
Maine,ME,1999,1.16,0.36,0.69,2.21
Maine,ME,1998,1.14,0.33,0.69,2.16
Maine,ME,1997,1.16,0.32,0.68,2.16
Maine,ME,1996,1.21,0.32,0.69,2.22
Maine,ME,1995,1.14,0.28,0.7,2.12
Maine,ME,1994,1.13,0.27,0.77,2.18
Maine,ME,1993,1.15,0.29,0.79,2.22
Maine,ME,1992,1.16,0.29,0.78,2.23
Maine,ME,1991,1.18,0.3,0.77,2.25
Maine,ME,1990,1.21,0.31,0.82,2.34
Maine,ME,1989,1.26,0.34,0.86,2.46
Maine,ME,1988,1.29,0.36,0.91,2.55
Maine,ME,1987,1.27,0.38,0.91,2.56
Maine,ME,1986,1.29,0.36,0.92,2.57
Maine,ME,1985,1.29,0.33,0.94,2.56
Maine,ME,1984,1.25,0.31,1.02,2.57
Maine,ME,1983,1.32,0.29,1.03,2.64
Maine,ME,1982,1.3,0.3,1.02,2.62
Maine,ME,1981,1.24,0.28,1.05,2.57
Maine,ME,1980,1.32,0.28,1.06,2.66
Maine,ME,1979,1.27,0.27,1.05,2.59
Maine,ME,1978,1.28,0.26,1.03,2.57
Maine,ME,1977,1.35,0.23,1.02,2.6
Maryland,MD,2016,0.83,0.4,0.92,2.15
Maryland,MD,2015,0.85,0.39,0.9,2.14
Maryland,MD,2014,0.86,0.39,0.9,2.15
Maryland,MD,2013,0.88,0.39,0.9,2.17
Maryland,MD,2012,0.91,0.39,0.9,2.2
Maryland,MD,2011,0.92,0.39,0.89,2.19
Maryland,MD,2010,0.94,0.38,0.89,2.21
Maryland,MD,2009,0.96,0.36,0.86,2.19
Maryland,MD,2008,0.99,0.36,0.84,2.19
Maryland,MD,2007,1.01,0.36,0.84,2.2
Maryland,MD,2006,1.01,0.34,0.83,2.18
Maryland,MD,2005,1.02,0.34,0.81,2.16
Maryland,MD,2004,1.03,0.33,0.79,2.15
Maryland,MD,2003,1.03,0.32,0.77,2.12
Maryland,MD,2002,1.06,0.31,0.76,2.12
Maryland,MD,2001,1.06,0.3,0.75,2.11
Maryland,MD,2000,1.04,0.3,0.75,2.09
Maryland,MD,1999,1.04,0.3,0.74,2.08
Maryland,MD,1998,1.05,0.3,0.73,2.08
Maryland,MD,1997,1.08,0.29,0.73,2.11
Maryland,MD,1996,1.05,0.29,0.74,2.08
Maryland,MD,1995,1.06,0.28,0.74,2.09
Maryland,MD,1994,1.09,0.28,0.78,2.15
Maryland,MD,1993,1.1,0.28,0.8,2.19
Maryland,MD,1992,1.11,0.29,0.86,2.26
Maryland,MD,1991,1.15,0.3,0.89,2.33
Maryland,MD,1990,1.22,0.33,0.96,2.51
Maryland,MD,1989,1.2,0.34,0.97,2.52
Maryland,MD,1988,1.24,0.36,1,2.6
Maryland,MD,1987,1.28,0.38,1.06,2.71
Maryland,MD,1986,1.28,0.38,1.07,2.73
Maryland,MD,1985,1.3,0.36,1.14,2.8
Maryland,MD,1984,1.31,0.36,1.17,2.84
Maryland,MD,1983,1.34,0.35,1.2,2.89
Maryland,MD,1982,1.27,0.32,1.16,2.76
Maryland,MD,1981,1.39,0.34,1.33,3.06
Maryland,MD,1980,1.41,0.33,1.35,3.08
Maryland,MD,1979,1.43,0.31,1.39,3.13
Maryland,MD,1978,1.4,0.31,1.38,3.09
Maryland,MD,1977,1.36,0.3,1.38,3.05
Massachusetts,MA,2016,0.95,0.65,0.97,2.57
Massachusetts,MA,2015,0.97,0.65,0.91,2.52
Massachusetts,MA,2014,0.98,0.66,0.91,2.55
Massachusetts,MA,2013,1,0.66,0.89,2.56
Massachusetts,MA,2012,1.03,0.65,0.88,2.57
Massachusetts,MA,2011,1.02,0.64,0.88,2.54
Massachusetts,MA,2010,1.04,0.62,0.84,2.5
Massachusetts,MA,2009,1.03,0.62,0.85,2.49
Massachusetts,MA,2008,1.08,0.62,0.84,2.54
Massachusetts,MA,2007,1.11,0.62,0.87,2.59
Massachusetts,MA,2006,1.1,0.61,0.85,2.56
Massachusetts,MA,2005,1.07,0.59,0.85,2.51
Massachusetts,MA,2004,1.1,0.58,0.84,2.52
Massachusetts,MA,2003,1.1,0.56,0.82,2.49
Massachusetts,MA,2002,1.13,0.54,0.8,2.47
Massachusetts,MA,2001,1.13,0.52,0.79,2.44
Massachusetts,MA,2000,1.16,0.51,0.87,2.55
Massachusetts,MA,1999,1.09,0.51,0.79,2.39
Massachusetts,MA,1998,1.14,0.5,0.75,2.39
Massachusetts,MA,1997,1.13,0.49,0.76,2.39
Massachusetts,MA,1996,1.11,0.48,0.77,2.35
Massachusetts,MA,1995,1.13,0.44,0.78,2.35
Massachusetts,MA,1994,1.14,0.44,0.8,2.38
Massachusetts,MA,1993,1.14,0.44,0.8,2.38
Massachusetts,MA,1992,1.12,0.44,0.82,2.38
Massachusetts,MA,1991,1.19,0.43,0.87,2.49
Massachusetts,MA,1990,1.22,0.45,0.97,2.63
Massachusetts,MA,1989,1.24,0.46,1,2.7
Massachusetts,MA,1988,1.27,0.49,1.05,2.81
Massachusetts,MA,1987,1.27,0.5,1.11,2.88
Massachusetts,MA,1986,1.29,0.52,1.11,2.92
Massachusetts,MA,1985,1.28,0.5,1.19,2.97
Massachusetts,MA,1984,1.29,0.5,1.23,3.02
Massachusetts,MA,1983,1.36,0.49,1.2,3.05
Massachusetts,MA,1982,1.35,0.5,1.22,3.07
Massachusetts,MA,1981,1.44,0.49,1.24,3.17
Massachusetts,MA,1980,1.46,0.45,1.26,3.18
Massachusetts,MA,1979,1.4,0.43,1.24,3.07
Massachusetts,MA,1978,1.38,0.41,1.26,3.05
Massachusetts,MA,1977,1.35,0.37,1.25,2.97
Michigan,MI,2016,1.04,0.39,0.91,2.34
Michigan,MI,2015,0.99,0.37,0.89,2.25
Michigan,MI,2014,1.05,0.39,0.88,2.32
Michigan,MI,2013,1.02,0.37,0.85,2.24
Michigan,MI,2012,1.08,0.35,0.84,2.27
Michigan,MI,2011,1.07,0.35,0.83,2.25
Michigan,MI,2010,1.09,0.33,0.81,2.23
Michigan,MI,2009,1.11,0.32,0.8,2.23
Michigan,MI,2008,1.13,0.3,0.79,2.22
Michigan,MI,2007,1.13,0.3,0.77,2.19
Michigan,MI,2006,1.13,0.29,0.76,2.18
Michigan,MI,2005,1.15,0.28,0.74,2.16
Michigan,MI,2004,1.16,0.27,0.72,2.15
Michigan,MI,2003,1.17,0.28,0.72,2.17
Michigan,MI,2002,1.19,0.25,0.69,2.13
Michigan,MI,2001,1.18,0.23,0.68,2.09
Michigan,MI,2000,1.2,0.24,0.68,2.13
Michigan,MI,1999,1.2,0.24,0.67,2.11
Michigan,MI,1998,1.2,0.22,0.68,2.1
Michigan,MI,1997,1.19,0.22,0.66,2.07
Michigan,MI,1996,1.22,0.22,0.66,2.09
Michigan,MI,1995,1.2,0.19,0.66,2.06
Michigan,MI,1994,1.23,0.2,0.67,2.1
Michigan,MI,1993,1.26,0.2,0.72,2.18
Michigan,MI,1992,1.26,0.22,0.74,2.21
Michigan,MI,1991,1.3,0.22,0.74,2.26
Michigan,MI,1990,1.33,0.28,0.8,2.42
Michigan,MI,1989,1.29,0.3,0.8,2.39
Michigan,MI,1988,1.32,0.32,0.84,2.48
Michigan,MI,1987,1.32,0.33,0.85,2.51
Michigan,MI,1986,1.33,0.33,0.9,2.57
Michigan,MI,1985,1.31,0.32,0.96,2.59
Michigan,MI,1984,1.33,0.31,0.98,2.61
Michigan,MI,1983,1.36,0.28,0.98,2.62
Michigan,MI,1982,1.35,0.39,0.99,2.73
Michigan,MI,1981,1.34,0.29,1,2.63
Michigan,MI,1980,1.34,0.28,1.02,2.65
Michigan,MI,1979,1.36,0.25,1.03,2.65
Michigan,MI,1978,1.43,0.25,1.05,2.74
Michigan,MI,1977,1.45,0.24,1.02,2.71
Minnesota,MN,2016,1.15,0.44,1.17,2.77
Minnesota,MN,2015,1.16,0.43,1.14,2.73
Minnesota,MN,2014,1.14,0.44,1.23,2.81
Minnesota,MN,2013,1.13,0.43,1.16,2.72
Minnesota,MN,2012,1.18,0.42,1.11,2.71
Minnesota,MN,2011,1.13,0.34,0.99,2.47
Minnesota,MN,2010,1.14,0.33,0.97,2.44
Minnesota,MN,2009,1.19,0.37,1.04,2.59
Minnesota,MN,2008,1.21,0.36,1.03,2.6
Minnesota,MN,2007,1.23,0.36,1.01,2.6
Minnesota,MN,2006,1.15,0.32,0.93,2.4
Minnesota,MN,2005,1.18,0.33,0.97,2.48
Minnesota,MN,2004,1.24,0.31,0.94,2.5
Minnesota,MN,2003,1.22,0.29,0.91,2.43
Minnesota,MN,2002,1.26,0.28,0.88,2.41
Minnesota,MN,2001,1.25,0.26,0.88,2.39
Minnesota,MN,2000,1.24,0.26,0.87,2.37
Minnesota,MN,1999,1.23,0.27,0.86,2.36
Minnesota,MN,1998,1.16,0.27,0.84,2.27
Minnesota,MN,1997,1.2,0.27,0.84,2.31
Minnesota,MN,1996,1.23,0.26,0.83,2.31
Minnesota,MN,1995,1.29,0.25,0.83,2.38
Minnesota,MN,1994,1.27,0.25,0.83,2.35
Minnesota,MN,1993,1.24,0.24,0.84,2.33
Minnesota,MN,1992,1.25,0.25,0.85,2.35
Minnesota,MN,1991,1.3,0.24,0.81,2.35
Minnesota,MN,1990,1.32,0.27,0.96,2.55
Minnesota,MN,1989,1.29,0.27,0.89,2.46
Minnesota,MN,1988,1.31,0.3,0.9,2.51
Minnesota,MN,1987,1.32,0.32,0.94,2.58
Minnesota,MN,1986,1.31,0.34,0.93,2.57
Minnesota,MN,1985,1.31,0.31,1.06,2.68
Minnesota,MN,1984,1.34,0.28,1.07,2.69
Minnesota,MN,1983,1.38,0.27,1.1,2.74
Minnesota,MN,1982,1.37,0.27,1.11,2.75
Minnesota,MN,1981,1.39,0.27,1.18,2.84
Minnesota,MN,1980,1.39,0.26,1.2,2.85
Minnesota,MN,1979,1.36,0.24,1.17,2.77
Minnesota,MN,1978,1.32,0.23,1.16,2.71
Minnesota,MN,1977,1.31,0.21,1.16,2.67
Mississippi,MS,2016,1.28,0.17,0.77,2.23
Mississippi,MS,2015,1.31,0.17,0.77,2.24
Mississippi,MS,2014,1.32,0.16,0.75,2.23
Mississippi,MS,2013,1.35,0.16,0.73,2.24
Mississippi,MS,2012,1.37,0.16,0.71,2.24
Mississippi,MS,2011,1.36,0.16,0.71,2.22
Mississippi,MS,2010,1.37,0.15,0.7,2.22
Mississippi,MS,2009,1.41,0.15,0.7,2.26
Mississippi,MS,2008,1.44,0.15,0.7,2.28
Mississippi,MS,2007,1.45,0.14,0.68,2.26
Mississippi,MS,2006,1.43,0.13,0.67,2.23
Mississippi,MS,2005,1.4,0.13,0.65,2.18
Mississippi,MS,2004,1.38,0.13,0.63,2.14
Mississippi,MS,2003,1.38,0.12,0.63,2.13
Mississippi,MS,2002,1.41,0.12,0.61,2.13
Mississippi,MS,2001,1.4,0.11,0.6,2.11
Mississippi,MS,2000,1.43,0.11,0.61,2.14
Mississippi,MS,1999,1.42,0.11,0.61,2.14
Mississippi,MS,1998,1.39,0.09,0.59,2.08
Mississippi,MS,1997,1.39,0.09,0.61,2.09
Mississippi,MS,1996,1.42,0.1,0.62,2.14
Mississippi,MS,1995,1.37,0.1,0.61,2.09
Mississippi,MS,1994,1.28,0.08,0.63,2
Mississippi,MS,1993,1.37,0.1,0.63,2.11
Mississippi,MS,1992,1.35,0.09,0.63,2.08
Mississippi,MS,1991,1.32,0.09,0.64,2.05
Mississippi,MS,1990,1.34,0.09,0.65,2.08
Mississippi,MS,1989,1.28,0.09,0.66,2.04
Mississippi,MS,1988,1.3,0.09,0.67,2.06
Mississippi,MS,1987,1.28,0.09,0.66,2.04
Mississippi,MS,1986,1.28,0.1,0.69,2.07
Mississippi,MS,1985,1.22,0.1,0.74,2.07
Mississippi,MS,1984,1.2,0.11,0.77,2.08
Mississippi,MS,1983,1.2,0.11,0.8,2.1
Mississippi,MS,1982,1.18,0.11,0.81,2.1
Mississippi,MS,1981,1.19,0.11,0.84,2.13
Mississippi,MS,1980,1.13,0.1,0.86,2.09
Mississippi,MS,1979,1.1,0.09,0.81,2
Mississippi,MS,1978,1.11,0.1,0.88,2.09
Mississippi,MS,1977,1.04,0.1,0.83,1.98
Missouri,MO,2016,1.15,0.38,0.96,2.49
Missouri,MO,2015,1.17,0.39,0.97,2.53
Missouri,MO,2014,1.16,0.36,0.88,2.4
Missouri,MO,2013,1.19,0.36,0.89,2.44
Missouri,MO,2012,1.22,0.34,0.86,2.42
Missouri,MO,2011,1.24,0.34,0.86,2.45
Missouri,MO,2010,1.27,0.32,0.81,2.41
Missouri,MO,2009,1.3,0.3,0.83,2.43
Missouri,MO,2008,1.32,0.3,0.8,2.42
Missouri,MO,2007,1.33,0.3,0.78,2.4
Missouri,MO,2006,1.33,0.28,0.76,2.37
Missouri,MO,2005,1.31,0.27,0.73,2.3
Missouri,MO,2004,1.33,0.27,0.72,2.32
Missouri,MO,2003,1.34,0.26,0.7,2.29
Missouri,MO,2002,1.36,0.25,0.67,2.27
Missouri,MO,2001,1.34,0.23,0.67,2.25
Missouri,MO,2000,1.35,0.23,0.67,2.25
Missouri,MO,1999,1.35,0.23,0.66,2.23
Missouri,MO,1998,1.33,0.23,0.63,2.18
Missouri,MO,1997,1.3,0.22,0.63,2.15
Missouri,MO,1996,1.31,0.22,0.57,2.1
Missouri,MO,1995,1.31,0.2,0.62,2.14
Missouri,MO,1994,1.36,0.19,0.66,2.21
Missouri,MO,1993,1.33,0.2,0.67,2.2
Missouri,MO,1992,1.34,0.21,0.69,2.24
Missouri,MO,1991,1.35,0.22,0.64,2.2
Missouri,MO,1990,1.37,0.22,0.7,2.3
Missouri,MO,1989,1.36,0.23,0.7,2.28
Missouri,MO,1988,1.35,0.26,0.7,2.31
Missouri,MO,1987,1.38,0.28,0.73,2.39
Missouri,MO,1986,1.38,0.28,0.73,2.39
Missouri,MO,1985,1.34,0.26,0.77,2.37
Missouri,MO,1984,1.35,0.26,0.68,2.29
Missouri,MO,1983,1.38,0.22,0.78,2.38
Missouri,MO,1982,1.39,0.22,0.79,2.39
Missouri,MO,1981,1.41,0.22,0.84,2.46
Missouri,MO,1980,1.39,0.2,0.84,2.44
Missouri,MO,1979,1.36,0.2,0.86,2.42
Missouri,MO,1978,1.31,0.19,0.89,2.39
Missouri,MO,1977,1.23,0.19,0.83,2.24
Montana,MT,2016,1.62,0.52,0.98,3.11
Montana,MT,2015,1.63,0.5,0.96,3.09
Montana,MT,2014,1.62,0.5,0.96,3.08
Montana,MT,2013,1.63,0.49,0.95,3.07
Montana,MT,2012,1.65,0.48,0.94,3.07
Montana,MT,2011,1.61,0.47,0.9,2.97
Montana,MT,2010,1.65,0.45,0.88,2.98
Montana,MT,2009,1.64,0.45,0.87,2.96
Montana,MT,2008,1.66,0.44,0.87,2.97
Montana,MT,2007,1.66,0.43,0.85,2.94
Montana,MT,2006,1.63,0.41,0.82,2.87
Montana,MT,2005,1.59,0.42,0.77,2.78
Montana,MT,2004,1.57,0.34,0.75,2.66
Montana,MT,2003,1.56,0.33,0.72,2.62
Montana,MT,2002,1.62,0.33,0.7,2.65
Montana,MT,2001,1.58,0.3,0.68,2.56
Montana,MT,2000,1.57,0.29,0.68,2.54
Montana,MT,1999,1.56,0.28,0.67,2.51
Montana,MT,1998,1.53,0.27,0.65,2.45
Montana,MT,1997,1.41,0.27,0.64,2.32
Montana,MT,1996,1.55,0.26,0.64,2.45
Montana,MT,1995,1.52,0.25,0.78,2.55
Montana,MT,1994,1.57,0.24,0.7,2.51
Montana,MT,1993,1.49,0.25,0.73,2.47
Montana,MT,1992,1.59,0.26,0.75,2.61
Montana,MT,1991,1.61,0.28,0.76,2.64
Montana,MT,1990,1.61,0.29,0.77,2.67
Montana,MT,1989,1.59,0.29,0.73,2.61
Montana,MT,1988,1.61,0.32,0.77,2.7
Montana,MT,1987,1.59,0.34,0.78,2.7
Montana,MT,1986,1.6,0.34,0.82,2.76
Montana,MT,1985,1.62,0.33,0.89,2.84
Montana,MT,1984,1.71,0.32,0.93,2.97
Montana,MT,1983,1.8,0.32,0.99,3.11
Montana,MT,1982,1.82,0.32,1.02,3.16
Montana,MT,1981,1.9,0.33,1.05,3.27
Montana,MT,1980,1.82,0.35,1.03,3.2
Montana,MT,1979,1.83,0.41,1.05,3.29
Montana,MT,1978,1.82,0.2,1.07,3.09
Montana,MT,1977,1.82,0.2,1.1,3.11
Nebraska,NE,2016,1.3,0.22,0.71,2.23
Nebraska,NE,2015,1.34,0.22,0.71,2.27
Nebraska,NE,2014,1.37,0.21,0.71,2.3
Nebraska,NE,2013,1.39,0.21,0.71,2.31
Nebraska,NE,2012,1.41,0.21,0.69,2.31
Nebraska,NE,2011,1.39,0.21,0.69,2.28
Nebraska,NE,2010,1.4,0.21,0.67,2.28
Nebraska,NE,2009,1.42,0.2,0.67,2.29
Nebraska,NE,2008,1.45,0.2,0.68,2.33
Nebraska,NE,2007,1.43,0.2,0.67,2.31
Nebraska,NE,2006,1.42,0.21,0.71,2.35
Nebraska,NE,2005,1.41,0.2,0.68,2.29
Nebraska,NE,2004,1.44,0.2,0.65,2.28
Nebraska,NE,2003,1.43,0.19,0.63,2.24
Nebraska,NE,2002,1.45,0.17,0.61,2.23
Nebraska,NE,2001,1.43,0.16,0.6,2.2
Nebraska,NE,2000,1.44,0.17,0.62,2.23
Nebraska,NE,1999,1.42,0.17,0.6,2.19
Nebraska,NE,1998,1.39,0.18,0.58,2.16
Nebraska,NE,1997,1.35,0.18,0.56,2.09
Nebraska,NE,1996,1.35,0.18,0.57,2.11
Nebraska,NE,1995,1.35,0.19,0.57,2.1
Nebraska,NE,1994,1.39,0.18,0.57,2.14
Nebraska,NE,1993,1.37,0.18,0.59,2.14
Nebraska,NE,1992,1.37,0.18,0.61,2.16
Nebraska,NE,1991,1.4,0.18,0.61,2.19
Nebraska,NE,1990,1.41,0.2,0.64,2.25
Nebraska,NE,1989,1.41,0.2,0.64,2.26
Nebraska,NE,1988,1.41,0.22,0.66,2.3
Nebraska,NE,1987,1.43,0.23,0.67,2.33
Nebraska,NE,1986,1.41,0.23,0.69,2.33
Nebraska,NE,1985,1.41,0.22,0.76,2.39
Nebraska,NE,1984,1.46,0.21,0.77,2.43
Nebraska,NE,1983,1.5,0.21,0.8,2.51
Nebraska,NE,1982,1.51,0.28,0.58,2.37
Nebraska,NE,1981,1.57,0.2,0.88,2.65
Nebraska,NE,1980,1.56,0.19,0.88,2.63
Nebraska,NE,1979,1.52,0.18,0.89,2.59
Nebraska,NE,1978,1.48,0.18,0.9,2.56
Nebraska,NE,1977,1.46,0.17,0.91,2.54
Nevada,NV,2016,1.41,0.61,1.44,3.46
Nevada,NV,2015,1.38,0.66,1.29,3.33
Nevada,NV,2014,1.41,0.66,1.3,3.36
Nevada,NV,2013,1.4,0.63,1.28,3.31
Nevada,NV,2012,1.41,0.62,1.24,3.27
Nevada,NV,2011,1.45,0.63,1.27,3.35
Nevada,NV,2010,1.49,0.6,1.21,3.3
Nevada,NV,2009,1.53,0.56,1.11,3.21
Nevada,NV,2008,1.63,0.61,1.29,3.53
Nevada,NV,2007,1.66,0.62,1.23,3.52
Nevada,NV,2006,1.71,0.65,1.28,3.63
Nevada,NV,2005,1.69,0.62,1.21,3.52
Nevada,NV,2004,1.73,0.63,1.25,3.61
Nevada,NV,2003,1.74,0.61,1.23,3.59
Nevada,NV,2002,1.74,0.6,1.22,3.56
Nevada,NV,2001,1.79,0.59,1.21,3.59
Nevada,NV,2000,1.79,0.62,1.26,3.67
Nevada,NV,1999,1.82,0.63,1.29,3.74
Nevada,NV,1998,1.8,0.58,1.23,3.62
Nevada,NV,1997,1.84,0.58,1.3,3.72
Nevada,NV,1996,1.91,0.59,1.39,3.89
Nevada,NV,1995,1.87,0.58,1.39,3.84
Nevada,NV,1994,1.93,0.57,1.51,4
Nevada,NV,1993,1.95,0.58,1.54,4.07
Nevada,NV,1992,2.02,0.62,1.61,4.25
Nevada,NV,1991,2.05,0.63,1.63,4.31
Nevada,NV,1990,2.17,0.69,1.92,4.78
Nevada,NV,1989,2.12,0.71,1.87,4.7
Nevada,NV,1988,2.08,0.76,1.95,4.8
Nevada,NV,1987,2.01,0.83,2.05,4.89
Nevada,NV,1986,2.04,0.86,2.07,4.97
Nevada,NV,1985,1.96,0.84,2.18,4.99
Nevada,NV,1984,1.97,0.8,2.32,5.1
Nevada,NV,1983,1.96,0.78,2.43,5.18
Nevada,NV,1982,2,0.77,2.5,5.27
Nevada,NV,1981,2.08,0.8,2.71,5.59
Nevada,NV,1980,2.06,0.78,2.9,5.75
Nevada,NV,1979,2.07,0.79,2.97,5.83
Nevada,NV,1978,2.01,0.77,3.34,6.13
Nevada,NV,1977,1.99,0.77,3.56,6.32
New Hampshire,NH,2016,1.87,0.88,2,4.76
New Hampshire,NH,2015,1.88,0.88,1.96,4.72
New Hampshire,NH,2014,1.69,0.89,1.96,4.54
New Hampshire,NH,2013,1.86,0.89,1.93,4.68
New Hampshire,NH,2012,1.9,0.86,1.89,4.65
New Hampshire,NH,2011,1.86,0.92,1.98,4.77
New Hampshire,NH,2010,1.81,0.84,1.85,4.5
New Hampshire,NH,2009,1.79,0.84,1.84,4.47
New Hampshire,NH,2008,1.78,0.81,1.79,4.39
New Hampshire,NH,2007,1.82,0.79,1.75,4.36
New Hampshire,NH,2006,1.73,0.78,1.77,4.28
New Hampshire,NH,2005,1.75,0.75,1.71,4.2
New Hampshire,NH,2004,1.74,0.73,1.67,4.14
New Hampshire,NH,2003,1.75,0.71,1.63,4.09
New Hampshire,NH,2002,1.75,0.7,1.64,4.09
New Hampshire,NH,2001,1.75,0.66,1.62,4.03
New Hampshire,NH,2000,1.78,0.65,1.63,4.06
New Hampshire,NH,1999,1.77,0.65,1.64,4.06
New Hampshire,NH,1998,1.77,0.55,1.67,3.99
New Hampshire,NH,1997,1.78,0.54,1.72,4.04
New Hampshire,NH,1996,1.78,0.53,1.79,4.11
New Hampshire,NH,1995,1.73,0.5,1.79,4.02
New Hampshire,NH,1994,1.75,0.48,1.9,4.13
New Hampshire,NH,1993,1.83,0.54,2.01,4.38
New Hampshire,NH,1992,1.81,0.52,1.96,4.3
New Hampshire,NH,1991,1.85,0.49,1.96,4.3
New Hampshire,NH,1990,1.85,0.49,1.97,4.3
New Hampshire,NH,1989,1.87,0.5,2,4.38
New Hampshire,NH,1988,1.91,0.49,1.94,4.34
New Hampshire,NH,1987,1.93,0.5,1.99,4.42
New Hampshire,NH,1986,1.93,0.52,2.06,4.52
New Hampshire,NH,1985,1.99,0.53,2.22,4.74
New Hampshire,NH,1984,1.99,0.59,2.33,4.92
New Hampshire,NH,1983,2.17,0.56,2.36,5.09
New Hampshire,NH,1982,1.9,0.59,2.35,4.84
New Hampshire,NH,1981,1.89,0.59,2.43,4.91
New Hampshire,NH,1980,1.93,0.6,2.49,5.02
New Hampshire,NH,1979,1.94,0.61,2.56,5.1
New Hampshire,NH,1978,1.95,0.53,2.88,5.36
New Hampshire,NH,1977,1.86,0.49,2.88,5.23
New Jersey,NJ,2016,0.82,0.59,0.92,2.34
New Jersey,NJ,2015,0.83,0.6,0.92,2.36
New Jersey,NJ,2014,0.84,0.62,0.92,2.37
New Jersey,NJ,2013,0.84,0.61,0.92,2.36
New Jersey,NJ,2012,0.88,0.6,0.9,2.39
New Jersey,NJ,2011,0.89,0.58,0.89,2.36
New Jersey,NJ,2010,0.92,0.57,0.86,2.35
New Jersey,NJ,2009,0.91,0.57,0.86,2.34
New Jersey,NJ,2008,0.93,0.55,0.86,2.35
New Jersey,NJ,2007,0.93,0.55,0.86,2.33
New Jersey,NJ,2006,0.95,0.54,0.85,2.33
New Jersey,NJ,2005,0.95,0.52,0.83,2.3
New Jersey,NJ,2004,0.96,0.52,0.82,2.3
New Jersey,NJ,2003,0.95,0.5,0.8,2.24
New Jersey,NJ,2002,0.98,0.49,0.77,2.24
New Jersey,NJ,2001,0.99,0.47,0.75,2.2
New Jersey,NJ,2000,0.97,0.47,0.76,2.2
New Jersey,NJ,1999,0.97,0.47,0.74,2.18
New Jersey,NJ,1998,0.98,0.46,0.71,2.15
New Jersey,NJ,1997,0.99,0.46,0.74,2.19
New Jersey,NJ,1996,1,0.44,0.76,2.2
New Jersey,NJ,1995,1.06,0.44,0.79,2.28
New Jersey,NJ,1994,1.04,0.43,0.79,2.27
New Jersey,NJ,1993,1.07,0.42,0.79,2.29
New Jersey,NJ,1992,1.07,0.44,0.83,2.34
New Jersey,NJ,1991,1.09,0.43,0.82,2.34
New Jersey,NJ,1990,1.15,0.48,0.95,2.58
New Jersey,NJ,1989,1.13,0.5,0.95,2.58
New Jersey,NJ,1988,1.15,0.51,0.93,2.58
New Jersey,NJ,1987,1.18,0.54,1,2.72
New Jersey,NJ,1986,1.17,0.56,1.03,2.77
New Jersey,NJ,1985,1.17,0.55,1.07,2.79
New Jersey,NJ,1984,1.18,0.54,1.1,2.82
New Jersey,NJ,1983,1.2,0.52,1.13,2.85
New Jersey,NJ,1982,1.21,0.52,1.13,2.87
New Jersey,NJ,1981,1.21,0.51,1.15,2.87
New Jersey,NJ,1980,1.22,0.47,1.13,2.82
New Jersey,NJ,1979,1.18,0.43,1.1,2.71
New Jersey,NJ,1978,1.17,0.41,1.1,2.69
New Jersey,NJ,1977,1.16,0.4,1.13,2.69
New Mexico,NM,2016,1.11,0.31,0.85,2.27
New Mexico,NM,2015,1.03,0.3,0.78,2.11
New Mexico,NM,2014,1.29,0.31,0.82,2.42
New Mexico,NM,2013,1.17,0.34,0.85,2.35
New Mexico,NM,2012,1.24,0.33,0.79,2.36
New Mexico,NM,2011,1.32,0.31,0.73,2.35
New Mexico,NM,2010,1.23,0.31,0.74,2.28
New Mexico,NM,2009,1.34,0.31,0.72,2.38
New Mexico,NM,2008,1.41,0.31,0.71,2.43
New Mexico,NM,2007,1.39,0.3,0.7,2.39
New Mexico,NM,2006,1.37,0.3,0.69,2.36
New Mexico,NM,2005,1.47,0.29,0.66,2.42
New Mexico,NM,2004,1.46,0.25,0.66,2.36
New Mexico,NM,2003,1.52,0.27,0.61,2.4
New Mexico,NM,2002,1.52,0.26,0.61,2.4
New Mexico,NM,2001,1.54,0.25,0.61,2.39
New Mexico,NM,2000,1.53,0.25,0.61,2.38
New Mexico,NM,1999,1.53,0.25,0.59,2.36
New Mexico,NM,1998,1.49,0.24,0.58,2.31
New Mexico,NM,1997,1.51,0.24,0.58,2.33
New Mexico,NM,1996,1.55,0.24,0.59,2.38
New Mexico,NM,1995,1.56,0.24,0.6,2.4
New Mexico,NM,1994,1.46,0.19,0.6,2.25
New Mexico,NM,1993,1.53,0.23,0.63,2.39
New Mexico,NM,1992,1.56,0.25,0.66,2.47
New Mexico,NM,1991,1.64,0.26,0.64,2.54
New Mexico,NM,1990,1.68,0.28,0.68,2.64
New Mexico,NM,1989,1.67,0.29,0.66,2.62
New Mexico,NM,1988,1.66,0.33,0.68,2.67
New Mexico,NM,1987,1.65,0.36,0.68,2.69
New Mexico,NM,1986,1.66,0.36,0.71,2.73
New Mexico,NM,1985,1.71,0.36,0.77,2.84
New Mexico,NM,1984,1.72,0.28,0.76,2.76
New Mexico,NM,1983,1.72,0.31,0.98,3.01
New Mexico,NM,1982,1.72,0.34,0.93,2.99
New Mexico,NM,1981,1.73,0.32,0.95,3
New Mexico,NM,1980,1.65,0.32,0.99,2.97
New Mexico,NM,1979,1.64,0.29,0.97,2.91
New Mexico,NM,1978,1.65,0.31,0.96,2.93
New Mexico,NM,1977,1.62,0.31,0.95,2.88
New York,NY,2016,0.91,0.53,0.78,2.22
New York,NY,2015,0.9,0.5,0.77,2.18
New York,NY,2014,0.9,0.53,0.76,2.2
New York,NY,2013,0.93,0.51,0.77,2.21
New York,NY,2012,0.91,0.51,0.75,2.17
New York,NY,2011,0.89,0.5,0.72,2.11
New York,NY,2010,0.89,0.48,0.71,2.09
New York,NY,2009,0.92,0.47,0.7,2.08
New York,NY,2008,0.93,0.47,0.68,2.08
New York,NY,2007,0.93,0.47,0.69,2.1
New York,NY,2006,0.89,0.46,0.66,2.01
New York,NY,2005,0.91,0.43,0.65,1.99
New York,NY,2004,0.92,0.42,0.62,1.96
New York,NY,2003,0.93,0.4,0.61,1.94
New York,NY,2002,0.95,0.38,0.59,1.92
New York,NY,2001,0.96,0.37,0.56,1.89
New York,NY,2000,0.92,0.38,0.58,1.88
New York,NY,1999,0.93,0.37,0.56,1.85
New York,NY,1998,0.95,0.38,0.51,1.84
New York,NY,1997,0.86,0.36,0.56,1.79
New York,NY,1996,0.91,0.36,0.57,1.84
New York,NY,1995,1,0.38,0.57,1.95
New York,NY,1994,0.98,0.35,0.6,1.93
New York,NY,1993,1,0.35,0.62,1.97
New York,NY,1992,1.04,0.37,0.68,2.09
New York,NY,1991,1.09,0.37,0.69,2.14
New York,NY,1990,1.13,0.41,0.76,2.3
New York,NY,1989,1.11,0.42,0.81,2.34
New York,NY,1988,1.14,0.44,0.86,2.45
New York,NY,1987,1.14,0.47,0.9,2.51
New York,NY,1986,1.12,0.5,0.91,2.53
New York,NY,1985,1.14,0.49,0.98,2.61
New York,NY,1984,1.14,0.49,1.03,2.67
New York,NY,1983,1.23,0.49,1.05,2.77
New York,NY,1982,1.26,0.48,1.11,2.85
New York,NY,1981,1.25,0.46,1.12,2.83
New York,NY,1980,1.27,0.46,1.17,2.91
New York,NY,1979,1.21,0.44,1.17,2.83
New York,NY,1978,1.18,0.42,1.18,2.78
New York,NY,1977,1.18,0.39,1.18,2.75
North Carolina,NC,2016,1.05,0.43,0.64,2.13
North Carolina,NC,2015,1.05,0.42,0.63,2.1
North Carolina,NC,2014,1.04,0.41,0.61,2.06
North Carolina,NC,2013,1.04,0.39,0.6,2.03
North Carolina,NC,2012,1.07,0.38,0.6,2.05
North Carolina,NC,2011,1.05,0.37,0.58,2.01
North Carolina,NC,2010,1.08,0.35,0.57,2.01
North Carolina,NC,2009,1.09,0.33,0.57,1.99
North Carolina,NC,2008,1.13,0.34,0.57,2.03
North Carolina,NC,2007,1.15,0.33,0.56,2.04
North Carolina,NC,2006,1.14,0.32,0.54,2.01
North Carolina,NC,2005,1.13,0.3,0.54,1.96
North Carolina,NC,2004,1.16,0.3,0.53,1.99
North Carolina,NC,2003,1.21,0.27,0.52,2
North Carolina,NC,2002,1.25,0.27,0.5,2.02
North Carolina,NC,2001,1.24,0.25,0.51,2
North Carolina,NC,2000,1.22,0.25,0.52,1.98
North Carolina,NC,1999,1.21,0.24,0.51,1.96
North Carolina,NC,1998,1.21,0.23,0.5,1.94
North Carolina,NC,1997,1.22,0.23,0.52,1.97
North Carolina,NC,1996,1.21,0.24,0.52,1.98
North Carolina,NC,1995,1.12,0.21,0.53,1.87
North Carolina,NC,1994,1.14,0.21,0.54,1.89
North Carolina,NC,1993,1.14,0.22,0.56,1.92
North Carolina,NC,1992,1.14,0.23,0.59,1.96
North Carolina,NC,1991,1.11,0.24,0.6,1.96
North Carolina,NC,1990,1.16,0.27,0.65,2.08
North Carolina,NC,1989,1.13,0.27,0.66,2.05
North Carolina,NC,1988,1.11,0.28,0.68,2.08
North Carolina,NC,1987,1.11,0.28,0.71,2.09
North Carolina,NC,1986,1.11,0.3,0.74,2.15
North Carolina,NC,1985,1.1,0.27,0.76,2.13
North Carolina,NC,1984,1.11,0.24,0.78,2.13
North Carolina,NC,1983,1.11,0.22,0.8,2.12
North Carolina,NC,1982,1.07,0.21,0.85,2.13
North Carolina,NC,1981,1.1,0.21,0.86,2.16
North Carolina,NC,1980,1.1,0.2,0.85,2.16
North Carolina,NC,1979,1.04,0.21,0.84,2.09
North Carolina,NC,1978,1.02,0.19,0.83,2.04
North Carolina,NC,1977,0.98,0.19,0.81,1.98
North Dakota,ND,2016,1.64,0.34,1.29,3.26
North Dakota,ND,2015,1.58,0.35,1.32,3.25
North Dakota,ND,2014,1.67,0.35,1.39,3.41
North Dakota,ND,2013,1.68,0.32,1.37,3.38
North Dakota,ND,2012,1.75,0.3,1.37,3.42
North Dakota,ND,2011,1.66,0.26,1.26,3.18
North Dakota,ND,2010,1.49,0.25,1.19,2.93
North Dakota,ND,2009,1.59,0.24,1.13,2.96
North Dakota,ND,2008,1.6,0.23,1.11,2.94
North Dakota,ND,2007,1.53,0.23,1.06,2.82
North Dakota,ND,2006,1.5,0.2,1,2.7
North Dakota,ND,2005,1.48,0.18,0.94,2.6
North Dakota,ND,2004,1.49,0.18,0.82,2.49
North Dakota,ND,2003,1.53,0.17,0.86,2.56
North Dakota,ND,2002,1.51,0.16,0.83,2.5
North Dakota,ND,2001,1.46,0.15,0.81,2.42
North Dakota,ND,2000,1.47,0.15,0.79,2.4
North Dakota,ND,1999,1.48,0.15,0.78,2.41
North Dakota,ND,1998,1.45,0.13,0.76,2.35
North Dakota,ND,1997,1.4,0.13,0.77,2.3
North Dakota,ND,1996,1.4,0.13,0.77,2.3
North Dakota,ND,1995,1.36,0.16,0.77,2.28
North Dakota,ND,1994,1.39,0.15,0.78,2.32
North Dakota,ND,1993,1.37,0.15,0.84,2.36
North Dakota,ND,1992,1.38,0.15,0.85,2.39
North Dakota,ND,1991,1.43,0.16,0.86,2.44
North Dakota,ND,1990,1.47,0.17,0.93,2.56
North Dakota,ND,1989,1.41,0.17,0.86,2.44
North Dakota,ND,1988,1.41,0.19,0.88,2.48
North Dakota,ND,1987,1.37,0.21,0.89,2.47
North Dakota,ND,1986,1.34,0.22,0.87,2.44
North Dakota,ND,1985,1.34,0.19,0.96,2.5
North Dakota,ND,1984,1.41,0.17,0.99,2.56
North Dakota,ND,1983,1.49,0.17,1.05,2.71
North Dakota,ND,1982,1.52,0.18,1.09,2.79
North Dakota,ND,1981,1.53,0.18,1.14,2.85
North Dakota,ND,1980,1.52,0.17,1.13,2.82
North Dakota,ND,1979,1.46,0.16,1.1,2.72
North Dakota,ND,1978,1.45,0.16,1.15,2.76
North Dakota,ND,1977,1.35,0.15,1.12,2.62
Ohio,OH,2016,1.15,0.31,0.58,2.04
Ohio,OH,2015,1.17,0.3,0.56,2.03
Ohio,OH,2014,1.19,0.3,0.54,2.03
Ohio,OH,2013,1.22,0.3,0.53,2.04
Ohio,OH,2012,1.23,0.29,0.51,2.03
Ohio,OH,2011,1.24,0.28,0.49,2.02
Ohio,OH,2010,1.29,0.25,0.48,2.02
Ohio,OH,2009,1.3,0.27,0.47,2.03
Ohio,OH,2008,1.33,0.26,0.46,2.05
Ohio,OH,2007,1.34,0.25,0.45,2.04
Ohio,OH,2006,1.33,0.24,0.44,2.01
Ohio,OH,2005,1.34,0.23,0.43,2
Ohio,OH,2004,1.34,0.22,0.42,1.97
Ohio,OH,2003,1.34,0.22,0.4,1.95
Ohio,OH,2002,1.35,0.21,0.39,1.95
Ohio,OH,2001,1.34,0.21,0.39,1.93
Ohio,OH,2000,1.32,0.21,0.38,1.91
Ohio,OH,1999,1.32,0.2,0.37,1.9
Ohio,OH,1998,1.3,0.19,0.44,1.94
Ohio,OH,1997,1.28,0.19,0.43,1.89
Ohio,OH,1996,1.36,0.18,0.43,1.97
Ohio,OH,1995,1.29,0.17,0.43,1.89
Ohio,OH,1994,1.31,0.16,0.37,1.85
Ohio,OH,1993,1.29,0.16,0.5,1.95
Ohio,OH,1992,1.32,0.17,0.5,1.98
Ohio,OH,1991,1.33,0.18,0.51,2.03
Ohio,OH,1990,1.34,0.22,0.53,2.09
Ohio,OH,1989,1.36,0.22,0.51,2.09
Ohio,OH,1988,1.35,0.24,0.55,2.13
Ohio,OH,1987,1.35,0.24,0.59,2.18
Ohio,OH,1986,1.32,0.25,0.6,2.18
Ohio,OH,1985,1.37,0.25,0.59,2.21
Ohio,OH,1984,1.41,0.25,0.61,2.27
Ohio,OH,1983,1.36,0.22,0.65,2.23
Ohio,OH,1982,1.4,0.22,0.66,2.28
Ohio,OH,1981,1.35,0.22,0.68,2.25
Ohio,OH,1980,1.39,0.21,0.72,2.33
Ohio,OH,1979,1.35,0.19,0.7,2.25
Ohio,OH,1978,1.19,0.2,0.7,2.08
Ohio,OH,1977,1.16,0.18,0.7,2.03
Oklahoma,OK,2016,1.05,0.2,0.63,1.88
Oklahoma,OK,2015,1.07,0.19,0.62,1.89
Oklahoma,OK,2014,1.09,0.19,0.63,1.91
Oklahoma,OK,2013,1.11,0.19,0.62,1.93
Oklahoma,OK,2012,1.14,0.19,0.61,1.94
Oklahoma,OK,2011,1.14,0.19,0.59,1.92
Oklahoma,OK,2010,1.16,0.18,0.58,1.92
Oklahoma,OK,2009,1.17,0.18,0.58,1.93
Oklahoma,OK,2008,1.22,0.18,0.58,1.97
Oklahoma,OK,2007,1.17,0.17,0.57,1.91
Oklahoma,OK,2006,1.13,0.17,0.56,1.87
Oklahoma,OK,2005,1.09,0.16,0.55,1.8
Oklahoma,OK,2004,1.11,0.13,0.46,1.7
Oklahoma,OK,2003,1.06,0.13,0.74,1.93
Oklahoma,OK,2002,1.12,0.13,0.58,1.82
Oklahoma,OK,2001,1.11,0.12,0.43,1.65
Oklahoma,OK,2000,1.12,0.12,0.44,1.69
Oklahoma,OK,1999,1.11,0.12,0.44,1.68
Oklahoma,OK,1998,1.12,0.12,0.43,1.68
Oklahoma,OK,1997,1.1,0.12,0.43,1.65
Oklahoma,OK,1996,1.09,0.12,0.45,1.66
Oklahoma,OK,1995,1.1,0.12,0.44,1.66
Oklahoma,OK,1994,1.15,0.13,0.5,1.78
Oklahoma,OK,1993,1.11,0.11,0.48,1.7
Oklahoma,OK,1992,1.13,0.13,0.55,1.81
Oklahoma,OK,1991,1.09,0.13,0.54,1.76
Oklahoma,OK,1990,1.12,0.14,0.55,1.81
Oklahoma,OK,1989,1.08,0.14,0.54,1.75
Oklahoma,OK,1988,1.07,0.14,0.52,1.73
Oklahoma,OK,1987,1.06,0.15,0.58,1.79
Oklahoma,OK,1986,1.06,0.15,0.62,1.84
Oklahoma,OK,1985,1.05,0.15,0.68,1.88
Oklahoma,OK,1984,1,0.16,0.74,1.91
Oklahoma,OK,1983,1.04,0.16,0.77,1.97
Oklahoma,OK,1982,1.15,0.16,0.82,2.14
Oklahoma,OK,1981,1.14,0.16,0.83,2.13
Oklahoma,OK,1980,1.07,0.16,0.71,1.94
Oklahoma,OK,1979,1.03,0.13,0.78,1.94
Oklahoma,OK,1978,1.05,0.14,0.8,2
Oklahoma,OK,1977,1.04,0.13,0.77,1.95
Oregon,OR,2016,1.24,0.6,0.91,2.75
Oregon,OR,2015,1.23,0.58,0.9,2.71
Oregon,OR,2014,1.23,0.57,0.9,2.7
Oregon,OR,2013,1.2,0.57,0.89,2.66
Oregon,OR,2012,1.21,0.57,0.89,2.66
Oregon,OR,2011,1.18,0.56,0.85,2.59
Oregon,OR,2010,1.19,0.49,0.83,2.51
Oregon,OR,2009,1.28,0.49,0.82,2.59
Oregon,OR,2008,1.22,0.49,0.83,2.54
Oregon,OR,2007,1.35,0.5,0.81,2.65
Oregon,OR,2006,1.32,0.49,0.78,2.59
Oregon,OR,2005,1.16,0.5,0.75,2.4
Oregon,OR,2004,1.23,0.49,0.72,2.44
Oregon,OR,2003,1.2,0.47,0.69,2.36
Oregon,OR,2002,1.22,0.46,0.66,2.34
Oregon,OR,2001,1.22,0.43,0.65,2.3
Oregon,OR,2000,1.2,0.44,0.64,2.28
Oregon,OR,1999,1.21,0.43,0.63,2.27
Oregon,OR,1998,1.2,0.43,0.61,2.25
Oregon,OR,1997,1.19,0.44,0.6,2.24
Oregon,OR,1996,1.23,0.44,0.61,2.27
Oregon,OR,1995,1.21,0.42,0.59,2.23
Oregon,OR,1994,1.23,0.37,0.62,2.21
Oregon,OR,1993,1.24,0.43,0.64,2.31
Oregon,OR,1992,1.29,0.46,0.67,2.41
Oregon,OR,1991,1.28,0.44,0.67,2.38
Oregon,OR,1990,1.32,0.47,0.73,2.51
Oregon,OR,1989,1.28,0.47,0.7,2.46
Oregon,OR,1988,1.29,0.52,0.72,2.52
Oregon,OR,1987,1.28,0.53,0.73,2.54
Oregon,OR,1986,1.28,0.55,0.74,2.57
Oregon,OR,1985,1.25,0.55,0.77,2.58
Oregon,OR,1984,1.28,0.53,0.82,2.63
Oregon,OR,1983,1.32,0.53,0.85,2.7
Oregon,OR,1982,1.32,0.52,0.88,2.72
Oregon,OR,1981,1.37,0.5,0.92,2.79
Oregon,OR,1980,1.36,0.5,0.94,2.81
Oregon,OR,1979,1.36,0.47,0.94,2.77
Oregon,OR,1978,1.32,0.46,0.96,2.74
Oregon,OR,1977,1.3,0.45,0.94,2.7
Pennsylvania,PA,2016,1.31,0.33,0.72,2.36
Pennsylvania,PA,2015,1.31,0.32,0.7,2.33
Pennsylvania,PA,2014,1.32,0.32,0.7,2.34
Pennsylvania,PA,2013,1.34,0.31,0.68,2.33
Pennsylvania,PA,2012,1.36,0.31,0.67,2.34
Pennsylvania,PA,2011,1.37,0.3,0.66,2.33
Pennsylvania,PA,2010,1.37,0.29,0.64,2.3
Pennsylvania,PA,2009,1.37,0.28,0.63,2.27
Pennsylvania,PA,2008,1.36,0.26,0.61,2.23
Pennsylvania,PA,2007,1.35,0.25,0.58,2.18
Pennsylvania,PA,2006,1.32,0.23,0.55,2.1
Pennsylvania,PA,2005,1.32,0.23,0.55,2.11
Pennsylvania,PA,2004,1.3,0.23,0.53,2.06
Pennsylvania,PA,2003,1.31,0.22,0.51,2.04
Pennsylvania,PA,2002,1.35,0.21,0.49,2.06
Pennsylvania,PA,2001,1.33,0.2,0.48,2.02
Pennsylvania,PA,2000,1.29,0.2,0.47,1.96
Pennsylvania,PA,1999,1.27,0.2,0.46,1.92
Pennsylvania,PA,1998,1.21,0.18,0.45,1.85
Pennsylvania,PA,1997,1.32,0.18,0.45,1.95
Pennsylvania,PA,1996,1.26,0.17,0.45,1.88
Pennsylvania,PA,1995,1.26,0.17,0.45,1.88
Pennsylvania,PA,1994,1.28,0.18,0.47,1.93
Pennsylvania,PA,1993,1.31,0.17,0.48,1.96
Pennsylvania,PA,1992,1.3,0.18,0.51,1.99
Pennsylvania,PA,1991,1.36,0.17,0.52,2.05
Pennsylvania,PA,1990,1.42,0.18,0.55,2.15
Pennsylvania,PA,1989,1.38,0.18,0.57,2.13
Pennsylvania,PA,1988,1.41,0.19,0.54,2.14
Pennsylvania,PA,1987,1.4,0.2,0.62,2.22
Pennsylvania,PA,1986,1.4,0.21,0.64,2.25
Pennsylvania,PA,1985,1.38,0.21,0.65,2.23
Pennsylvania,PA,1984,1.38,0.21,0.67,2.26
Pennsylvania,PA,1983,1.41,0.22,0.67,2.31
Pennsylvania,PA,1982,1.44,0.23,0.7,2.37
Pennsylvania,PA,1981,1.42,0.23,0.72,2.38
Pennsylvania,PA,1980,1.45,0.22,0.71,2.39
Pennsylvania,PA,1979,1.4,0.22,0.72,2.34
Pennsylvania,PA,1978,1.35,0.21,0.73,2.3
Pennsylvania,PA,1977,1.34,0.2,0.74,2.27
Rhode Island,RI,2016,0.94,0.58,1.05,2.57
Rhode Island,RI,2015,0.96,0.57,0.99,2.52
Rhode Island,RI,2014,1.02,0.51,0.86,2.39
Rhode Island,RI,2013,1,0.58,0.98,2.56
Rhode Island,RI,2012,1.03,0.59,0.97,2.58
Rhode Island,RI,2011,1.04,0.58,0.94,2.55
Rhode Island,RI,2010,1.07,0.56,0.92,2.55
Rhode Island,RI,2009,1.07,0.55,0.85,2.47
Rhode Island,RI,2008,1.09,0.52,0.84,2.46
Rhode Island,RI,2007,1.1,0.53,0.82,2.45
Rhode Island,RI,2006,1.07,0.51,0.83,2.41
Rhode Island,RI,2005,0.98,0.49,0.82,2.29
Rhode Island,RI,2004,1.13,0.5,0.8,2.42
Rhode Island,RI,2003,1.13,0.51,0.8,2.45
Rhode Island,RI,2002,1.17,0.48,0.74,2.4
Rhode Island,RI,2001,1.19,0.46,0.7,2.36
Rhode Island,RI,2000,1.16,0.46,0.7,2.31
Rhode Island,RI,1999,1.14,0.45,0.69,2.28
Rhode Island,RI,1998,1.14,0.47,0.63,2.24
Rhode Island,RI,1997,1.22,0.44,0.64,2.3
Rhode Island,RI,1996,1.16,0.42,0.66,2.24
Rhode Island,RI,1995,1.18,0.38,0.63,2.19
Rhode Island,RI,1994,1.23,0.38,0.66,2.27
Rhode Island,RI,1993,1.22,0.36,0.69,2.27
Rhode Island,RI,1992,1.24,0.39,0.7,2.33
Rhode Island,RI,1991,1.33,0.37,0.71,2.41
Rhode Island,RI,1990,1.31,0.44,0.79,2.54
Rhode Island,RI,1989,1.35,0.46,0.86,2.67
Rhode Island,RI,1988,1.38,0.49,0.96,2.82
Rhode Island,RI,1987,1.39,0.51,0.93,2.83
Rhode Island,RI,1986,1.4,0.53,0.92,2.85
Rhode Island,RI,1985,1.4,0.51,1.03,2.93
Rhode Island,RI,1984,1.37,0.52,1.03,2.92
Rhode Island,RI,1983,1.48,0.5,1.06,3.04
Rhode Island,RI,1982,1.34,0.55,1.04,2.94
Rhode Island,RI,1981,1.36,0.53,1.04,2.92
Rhode Island,RI,1980,1.46,0.53,1.13,3.13
Rhode Island,RI,1979,1.42,0.49,1.08,2.98
Rhode Island,RI,1978,1.37,0.48,1.13,2.98
Rhode Island,RI,1977,1.35,0.42,1.09,2.86
South Carolina,SC,2016,1.18,0.25,0.79,2.22
South Carolina,SC,2015,1.21,0.25,0.79,2.25
South Carolina,SC,2014,1.23,0.25,0.8,2.28
South Carolina,SC,2013,1.26,0.25,0.8,2.31
South Carolina,SC,2012,1.28,0.25,0.79,2.32
South Carolina,SC,2011,1.29,0.25,0.78,2.31
South Carolina,SC,2010,1.31,0.24,0.76,2.31
South Carolina,SC,2009,1.35,0.24,0.76,2.34
South Carolina,SC,2008,1.39,0.24,0.76,2.4
South Carolina,SC,2007,1.42,0.24,0.76,2.42
South Carolina,SC,2006,1.45,0.24,0.76,2.45
South Carolina,SC,2005,1.43,0.24,0.75,2.42
South Carolina,SC,2004,1.39,0.24,0.76,2.38
South Carolina,SC,2003,1.38,0.23,0.74,2.35
South Carolina,SC,2002,1.4,0.22,0.67,2.3
South Carolina,SC,2001,1.4,0.22,0.65,2.27
South Carolina,SC,2000,1.49,0.22,0.72,2.43
South Carolina,SC,1999,1.48,0.22,0.72,2.41
South Carolina,SC,1998,1.44,0.21,0.72,2.37
South Carolina,SC,1997,1.48,0.2,0.71,2.4
South Carolina,SC,1996,1.38,0.21,0.71,2.3
South Carolina,SC,1995,1.33,0.19,0.68,2.2
South Carolina,SC,1994,1.38,0.17,0.74,2.29
South Carolina,SC,1993,1.36,0.2,0.75,2.3
South Carolina,SC,1992,1.34,0.2,0.79,2.33
South Carolina,SC,1991,1.34,0.22,0.84,2.41
South Carolina,SC,1990,1.44,0.25,0.92,2.61
South Carolina,SC,1989,1.39,0.24,0.86,2.49
South Carolina,SC,1988,1.38,0.26,0.9,2.54
South Carolina,SC,1987,1.35,0.27,0.89,2.52
South Carolina,SC,1986,1.31,0.27,0.93,2.52
South Carolina,SC,1985,1.28,0.25,1,2.53
South Carolina,SC,1984,1.27,0.24,1.01,2.52
South Carolina,SC,1983,1.27,0.2,1.02,2.49
South Carolina,SC,1982,1.23,0.2,0.99,2.43
South Carolina,SC,1981,1.24,0.19,1.04,2.48
South Carolina,SC,1980,1.22,0.18,1.06,2.45
South Carolina,SC,1979,1.18,0.16,1.12,2.45
South Carolina,SC,1978,1.14,0.17,1.15,2.45
South Carolina,SC,1977,1.12,0.16,1.09,2.37
South Dakota,SD,2016,1.46,0.31,1.1,2.87
South Dakota,SD,2015,1.48,0.29,1.02,2.79
South Dakota,SD,2014,1.5,0.25,0.99,2.74
South Dakota,SD,2013,1.52,0.28,1.02,2.81
South Dakota,SD,2012,1.53,0.26,0.96,2.76
South Dakota,SD,2011,1.51,0.28,0.97,2.77
South Dakota,SD,2010,1.53,0.24,0.92,2.69
South Dakota,SD,2009,1.54,0.22,0.89,2.65
South Dakota,SD,2008,1.57,0.22,0.87,2.66
South Dakota,SD,2007,1.52,0.22,0.87,2.61
South Dakota,SD,2006,1.51,0.19,0.79,2.5
South Dakota,SD,2005,1.5,0.19,0.83,2.52
South Dakota,SD,2004,1.51,0.18,0.76,2.45
South Dakota,SD,2003,1.52,0.16,0.74,2.41
South Dakota,SD,2002,1.51,0.15,0.67,2.34
South Dakota,SD,2001,1.49,0.15,0.71,2.35
South Dakota,SD,2000,1.46,0.15,0.69,2.3
South Dakota,SD,1999,1.43,0.14,0.7,2.27
South Dakota,SD,1998,1.41,0.13,0.68,2.23
South Dakota,SD,1997,1.33,0.13,0.69,2.15
South Dakota,SD,1996,1.33,0.13,0.68,2.15
South Dakota,SD,1995,1.35,0.12,0.73,2.21
South Dakota,SD,1994,1.38,0.12,0.73,2.24
South Dakota,SD,1993,1.35,0.12,0.73,2.2
South Dakota,SD,1992,1.37,0.15,0.74,2.26
South Dakota,SD,1991,1.37,0.15,0.76,2.27
South Dakota,SD,1990,1.36,0.18,0.8,2.34
South Dakota,SD,1989,1.3,0.15,0.72,2.17
South Dakota,SD,1988,1.25,0.16,0.79,2.21
South Dakota,SD,1987,1.27,0.2,0.81,2.28
South Dakota,SD,1986,1.26,0.2,0.83,2.29
South Dakota,SD,1985,1.23,0.18,0.95,2.35
South Dakota,SD,1984,1.28,0.17,0.9,2.35
South Dakota,SD,1983,1.31,0.17,0.96,2.44
South Dakota,SD,1982,1.29,0.18,0.97,2.44
South Dakota,SD,1981,1.31,0.19,1.04,2.54
South Dakota,SD,1980,1.3,0.18,1.07,2.56
South Dakota,SD,1979,1.23,0.17,1.04,2.44
South Dakota,SD,1978,1.2,0.17,1.05,2.42
South Dakota,SD,1977,1.16,0.17,1.07,2.39
Tennessee,TN,2016,1.02,0.33,0.79,2.14
Tennessee,TN,2015,1.03,0.27,0.76,2.06
Tennessee,TN,2014,1.04,0.25,0.73,2.02
Tennessee,TN,2013,1.05,0.25,0.7,2
Tennessee,TN,2012,1.07,0.25,0.68,2
Tennessee,TN,2011,1.13,0.24,0.66,2.04
Tennessee,TN,2010,1.04,0.22,0.61,1.88
Tennessee,TN,2009,1.05,0.21,0.57,1.83
Tennessee,TN,2008,1.1,0.2,0.57,1.87
Tennessee,TN,2007,1.13,0.2,0.56,1.9
Tennessee,TN,2006,1.14,0.19,0.56,1.89
Tennessee,TN,2005,1.19,0.19,0.55,1.92
Tennessee,TN,2004,1.22,0.18,0.53,1.93
Tennessee,TN,2003,1.27,0.18,0.52,1.96
Tennessee,TN,2002,1.17,0.17,0.51,1.86
Tennessee,TN,2001,1.15,0.16,0.5,1.81
Tennessee,TN,2000,1.19,0.16,0.51,1.85
Tennessee,TN,1999,1.19,0.15,0.49,1.83
Tennessee,TN,1998,1.19,0.15,0.5,1.84
Tennessee,TN,1997,1.14,0.15,0.5,1.8
Tennessee,TN,1996,1.14,0.15,0.51,1.8
Tennessee,TN,1995,1.17,0.15,0.51,1.83
Tennessee,TN,1994,1.18,0.15,0.53,1.86
Tennessee,TN,1993,1.2,0.14,0.54,1.87
Tennessee,TN,1992,1.21,0.14,0.56,1.9
Tennessee,TN,1991,1.19,0.13,0.54,1.87
Tennessee,TN,1990,1.22,0.14,0.6,1.96
Tennessee,TN,1989,1.2,0.14,0.6,1.93
Tennessee,TN,1988,1.22,0.15,0.61,1.97
Tennessee,TN,1987,1.19,0.15,0.63,1.97
Tennessee,TN,1986,1.18,0.16,0.63,1.98
Tennessee,TN,1985,1.12,0.16,0.68,1.97
Tennessee,TN,1984,1.11,0.15,0.7,1.97
Tennessee,TN,1983,1.11,0.14,0.7,1.95
Tennessee,TN,1982,1.13,0.14,0.7,1.97
Tennessee,TN,1981,1.14,0.13,0.71,1.98
Tennessee,TN,1980,1.1,0.12,0.69,1.91
Tennessee,TN,1979,1.1,0.11,0.7,1.91
Tennessee,TN,1978,1.12,0.1,0.7,1.93
Tennessee,TN,1977,1.07,0.1,0.69,1.86
Texas,TX,2016,1.3,0.34,0.69,2.34
Texas,TX,2015,1.28,0.33,0.67,2.29
Texas,TX,2014,1.25,0.33,0.65,2.24
Texas,TX,2013,1.3,0.32,0.63,2.25
Texas,TX,2012,1.33,0.32,0.63,2.28
Texas,TX,2011,1.35,0.31,0.61,2.27
Texas,TX,2010,1.35,0.29,0.59,2.23
Texas,TX,2009,1.41,0.28,0.58,2.26
Texas,TX,2008,1.43,0.27,0.58,2.28
Texas,TX,2007,1.41,0.27,0.56,2.24
Texas,TX,2006,1.43,0.26,0.55,2.24
Texas,TX,2005,1.43,0.25,0.53,2.2
Texas,TX,2004,1.45,0.24,0.52,2.21
Texas,TX,2003,1.46,0.23,0.51,2.19
Texas,TX,2002,1.49,0.22,0.5,2.21
Texas,TX,2001,1.51,0.21,0.49,2.21
Texas,TX,2000,1.53,0.22,0.5,2.25
Texas,TX,1999,1.54,0.2,0.49,2.23
Texas,TX,1998,1.52,0.2,0.5,2.21
Texas,TX,1997,1.56,0.19,0.47,2.22
Texas,TX,1996,1.57,0.2,0.49,2.26
Texas,TX,1995,1.58,0.19,0.5,2.27
Texas,TX,1994,1.6,0.2,0.51,2.31
Texas,TX,1993,1.6,0.2,0.53,2.33
Texas,TX,1992,1.65,0.24,0.55,2.45
Texas,TX,1991,1.6,0.25,0.55,2.4
Texas,TX,1990,1.64,0.26,0.58,2.47
Texas,TX,1989,1.62,0.27,0.58,2.46
Texas,TX,1988,1.61,0.28,0.59,2.47
Texas,TX,1987,1.62,0.29,0.61,2.52
Texas,TX,1986,1.67,0.31,0.65,2.63
Texas,TX,1985,1.68,0.3,0.73,2.71
Texas,TX,1984,1.73,0.28,0.79,2.8
Texas,TX,1983,1.72,0.27,0.79,2.78
Texas,TX,1982,1.83,0.18,0.84,2.84
Texas,TX,1981,1.84,0.24,0.85,2.94
Texas,TX,1980,1.75,0.22,0.8,2.77
Texas,TX,1979,1.7,0.14,0.84,2.68
Texas,TX,1978,1.64,0.14,0.82,2.6
Texas,TX,1977,1.59,0.14,0.78,2.51
Utah,UT,2016,0.63,0.19,0.52,1.34
Utah,UT,2015,0.65,0.2,0.54,1.39
Utah,UT,2014,0.66,0.19,0.52,1.37
Utah,UT,2013,0.67,0.19,0.51,1.36
Utah,UT,2012,0.69,0.19,0.5,1.37
Utah,UT,2011,0.68,0.18,0.49,1.36
Utah,UT,2010,0.7,0.18,0.47,1.35
Utah,UT,2009,0.72,0.17,0.47,1.36
Utah,UT,2008,0.76,0.17,0.47,1.41
Utah,UT,2007,0.77,0.16,0.44,1.38
Utah,UT,2006,0.73,0.16,0.44,1.33
Utah,UT,2005,0.7,0.16,0.41,1.27
Utah,UT,2004,0.76,0.15,0.39,1.3
Utah,UT,2003,0.76,0.14,0.39,1.3
Utah,UT,2002,0.77,0.14,0.39,1.3
Utah,UT,2001,0.77,0.14,0.39,1.3
Utah,UT,2000,0.75,0.14,0.4,1.29
Utah,UT,1999,0.74,0.13,0.38,1.25
Utah,UT,1998,0.77,0.13,0.37,1.27
Utah,UT,1997,0.75,0.13,0.39,1.27
Utah,UT,1996,0.73,0.13,0.37,1.23
Utah,UT,1995,0.71,0.11,0.37,1.19
Utah,UT,1994,0.76,0.09,0.38,1.24
Utah,UT,1993,0.78,0.11,0.39,1.28
Utah,UT,1992,0.79,0.12,0.42,1.33
Utah,UT,1991,0.8,0.12,0.43,1.34
Utah,UT,1990,0.8,0.12,0.46,1.39
Utah,UT,1989,0.81,0.13,0.47,1.41
Utah,UT,1988,0.82,0.14,0.48,1.45
Utah,UT,1987,0.84,0.15,0.49,1.49
Utah,UT,1986,0.88,0.16,0.52,1.57
Utah,UT,1985,0.89,0.15,0.53,1.57
Utah,UT,1984,0.89,0.14,0.52,1.55
Utah,UT,1983,0.89,0.14,0.51,1.54
Utah,UT,1982,1.01,0.15,0.55,1.7
Utah,UT,1981,1.02,0.15,0.59,1.75
Utah,UT,1980,0.96,0.14,0.6,1.7
Utah,UT,1979,0.94,0.15,0.59,1.68
Utah,UT,1978,0.93,0.14,0.59,1.66
Utah,UT,1977,0.94,0.13,0.57,1.64
Vermont,VT,2016,1.56,0.79,0.73,3.08
Vermont,VT,2015,1.57,0.78,0.73,3.07
Vermont,VT,2014,1.55,0.78,0.72,3.05
Vermont,VT,2013,1.54,0.74,0.72,3
Vermont,VT,2012,1.51,0.7,0.71,2.92
Vermont,VT,2011,1.46,0.68,0.71,2.85
Vermont,VT,2010,1.44,0.64,0.71,2.8
Vermont,VT,2009,1.43,0.64,0.7,2.77
Vermont,VT,2008,1.45,0.63,0.71,2.79
Vermont,VT,2007,1.46,0.62,0.7,2.78
Vermont,VT,2006,1.45,0.6,0.69,2.73
Vermont,VT,2005,1.44,0.57,0.68,2.69
Vermont,VT,2004,1.34,0.55,0.66,2.56
Vermont,VT,2003,1.34,0.52,0.65,2.51
Vermont,VT,2002,1.34,0.51,0.63,2.48
Vermont,VT,2001,1.34,0.48,0.63,2.45
Vermont,VT,2000,1.32,0.49,0.63,2.43
Vermont,VT,1999,1.32,0.48,0.62,2.42
Vermont,VT,1998,1.31,0.46,0.62,2.39
Vermont,VT,1997,1.29,0.45,0.63,2.37
Vermont,VT,1996,1.35,0.43,0.64,2.42
Vermont,VT,1995,1.28,0.41,0.66,2.35
Vermont,VT,1994,1.34,0.42,0.74,2.5
Vermont,VT,1993,1.34,0.44,0.74,2.52
Vermont,VT,1992,1.35,0.44,0.78,2.57
Vermont,VT,1991,1.41,0.46,0.82,2.69
Vermont,VT,1990,1.47,0.48,0.85,2.8
Vermont,VT,1989,1.49,0.53,0.89,2.91
Vermont,VT,1988,1.54,0.57,0.95,3.05
Vermont,VT,1987,1.58,0.59,1,3.18
Vermont,VT,1986,1.57,0.6,1.06,3.22
Vermont,VT,1985,1.51,0.56,1.1,3.17
Vermont,VT,1984,1.49,0.49,1.16,3.15
Vermont,VT,1983,1.53,0.5,1.2,3.23
Vermont,VT,1982,1.48,0.5,1.24,3.22
Vermont,VT,1981,1.49,0.5,1.34,3.32
Vermont,VT,1980,1.43,0.48,1.38,3.29
Vermont,VT,1979,1.53,0.46,1.47,3.46
Vermont,VT,1978,1.5,0.46,1.56,3.52
Vermont,VT,1977,1.4,0.44,1.55,3.38
Virginia,VA,2016,1,0.49,0.66,2.14
Virginia,VA,2015,1,0.48,0.65,2.13
Virginia,VA,2014,1.01,0.47,0.63,2.11
Virginia,VA,2013,1.02,0.46,0.62,2.1
Virginia,VA,2012,1.04,0.46,0.62,2.12
Virginia,VA,2011,1.05,0.46,0.61,2.12
Virginia,VA,2010,1.08,0.44,0.6,2.12
Virginia,VA,2009,1.1,0.42,0.58,2.11
Virginia,VA,2008,1.12,0.42,0.58,2.12
Virginia,VA,2007,1.13,0.41,0.57,2.1
Virginia,VA,2006,1.13,0.39,0.56,2.08
Virginia,VA,2005,1.13,0.38,0.54,2.05
Virginia,VA,2004,1.14,0.37,0.53,2.04
Virginia,VA,2003,1.14,0.36,0.52,2.02
Virginia,VA,2002,1.15,0.34,0.51,2
Virginia,VA,2001,1.15,0.32,0.5,1.97
Virginia,VA,2000,1.16,0.31,0.49,1.97
Virginia,VA,1999,1.18,0.32,0.48,1.97
Virginia,VA,1998,1.17,0.3,0.47,1.95
Virginia,VA,1997,1.11,0.29,0.48,1.88
Virginia,VA,1996,1.12,0.3,0.49,1.91
Virginia,VA,1995,1.15,0.29,0.5,1.94
Virginia,VA,1994,1.2,0.27,0.51,1.99
Virginia,VA,1993,1.24,0.27,0.54,2.05
Virginia,VA,1992,1.25,0.28,0.57,2.1
Virginia,VA,1991,1.2,0.28,0.58,2.06
Virginia,VA,1990,1.25,0.3,0.62,2.18
Virginia,VA,1989,1.23,0.31,0.65,2.18
Virginia,VA,1988,1.31,0.25,0.67,2.24
Virginia,VA,1987,1.39,0.25,0.7,2.35
Virginia,VA,1986,1.52,0.27,0.73,2.52
Virginia,VA,1985,1.45,0.3,0.79,2.54
Virginia,VA,1984,1.46,0.29,0.8,2.55
Virginia,VA,1983,1.47,0.27,0.82,2.56
Virginia,VA,1982,1.46,0.27,0.86,2.59
Virginia,VA,1981,1.23,0.27,0.89,2.39
Virginia,VA,1980,1.23,0.25,0.9,2.38
Virginia,VA,1979,1.21,0.25,0.9,2.36
Virginia,VA,1978,1.2,0.21,0.89,2.3
Virginia,VA,1977,1.17,0.21,0.89,2.27
Washington,WA,2016,0.96,0.52,0.78,2.26
Washington,WA,2015,0.97,0.53,0.77,2.26
Washington,WA,2014,0.97,0.53,0.76,2.26
Washington,WA,2013,0.95,0.53,0.76,2.24
Washington,WA,2012,0.96,0.53,0.76,2.25
Washington,WA,2011,0.97,0.54,0.75,2.25
Washington,WA,2010,1.01,0.52,0.73,2.25
Washington,WA,2009,1.1,0.51,0.74,2.34
Washington,WA,2008,1.11,0.5,0.75,2.37
Washington,WA,2007,1.14,0.5,0.74,2.38
Washington,WA,2006,1.08,0.48,0.72,2.28
Washington,WA,2005,1.11,0.55,0.68,2.34
Washington,WA,2004,1.11,0.53,0.66,2.3
Washington,WA,2003,1.07,0.47,0.68,2.21
Washington,WA,2002,1.09,0.43,0.66,2.17
Washington,WA,2001,1.09,0.4,0.65,2.15
Washington,WA,2000,1.11,0.41,0.66,2.18
Washington,WA,1999,1.11,0.4,0.63,2.14
Washington,WA,1998,1.12,0.39,0.63,2.14
Washington,WA,1997,1.09,0.42,0.63,2.15
Washington,WA,1996,1.09,0.4,0.63,2.12
Washington,WA,1995,1.17,0.4,0.63,2.2
Washington,WA,1994,1.18,0.39,0.65,2.23
Washington,WA,1993,1.19,0.39,0.69,2.27
Washington,WA,1992,1.26,0.46,0.72,2.44
Washington,WA,1991,1.23,0.43,0.73,2.39
Washington,WA,1990,1.27,0.46,0.76,2.49
Washington,WA,1989,1.25,0.47,0.76,2.47
Washington,WA,1988,1.23,0.5,0.77,2.51
Washington,WA,1987,1.24,0.56,0.79,2.59
Washington,WA,1986,1.23,0.61,0.82,2.66
Washington,WA,1985,1.21,0.59,0.87,2.67
Washington,WA,1984,1.23,0.57,0.91,2.7
Washington,WA,1983,1.29,0.54,0.94,2.76
Washington,WA,1982,1.32,0.52,0.98,2.83
Washington,WA,1981,1.38,0.54,1.04,2.96
Washington,WA,1980,1.51,0.51,1.08,3.1
Washington,WA,1979,1.39,0.47,1.08,2.94
Washington,WA,1978,1.36,0.47,1.07,2.91
Washington,WA,1977,1.34,0.45,1.06,2.85
West Virginia,WV,2016,1.19,0.11,0.46,1.76
West Virginia,WV,2015,1.21,0.11,0.47,1.78
West Virginia,WV,2014,1.21,0.1,0.47,1.78
West Virginia,WV,2013,1.24,0.1,0.46,1.8
West Virginia,WV,2012,1.24,0.1,0.47,1.8
West Virginia,WV,2011,1.22,0.1,0.46,1.78
West Virginia,WV,2010,1.23,0.1,0.44,1.78
West Virginia,WV,2009,1.23,0.1,0.44,1.77
West Virginia,WV,2008,1.25,0.1,0.43,1.79
West Virginia,WV,2007,1.23,0.1,0.42,1.75
West Virginia,WV,2006,1.21,0.1,0.41,1.72
West Virginia,WV,2005,1.23,0.1,0.4,1.73
West Virginia,WV,2004,1.25,0.1,0.39,1.75
West Virginia,WV,2003,1.23,0.1,0.38,1.72
West Virginia,WV,2002,1.26,0.1,0.38,1.74
West Virginia,WV,2001,1.25,0.1,0.37,1.72
West Virginia,WV,2000,1.24,0.1,0.36,1.7
West Virginia,WV,1999,1.22,0.1,0.37,1.69
West Virginia,WV,1998,1.18,0.09,0.36,1.64
West Virginia,WV,1997,1.12,0.09,0.37,1.58
West Virginia,WV,1996,1.12,0.09,0.37,1.58
West Virginia,WV,1995,1.12,0.08,0.38,1.58
West Virginia,WV,1994,1.17,0.08,0.39,1.64
West Virginia,WV,1993,1.18,0.08,0.4,1.67
West Virginia,WV,1992,1.16,0.09,0.41,1.66
West Virginia,WV,1991,1.18,0.09,0.43,1.7
West Virginia,WV,1990,1.2,0.1,0.42,1.72
West Virginia,WV,1989,1.15,0.11,0.39,1.65
West Virginia,WV,1988,1.15,0.12,0.41,1.68
West Virginia,WV,1987,1.13,0.13,0.41,1.68
West Virginia,WV,1986,1.12,0.13,0.42,1.67
West Virginia,WV,1985,1.13,0.13,0.42,1.69
West Virginia,WV,1984,1.13,0.12,0.45,1.7
West Virginia,WV,1983,1.14,0.13,0.49,1.76
West Virginia,WV,1982,1.11,0.14,0.55,1.8
West Virginia,WV,1981,1.05,0.14,0.65,1.85
West Virginia,WV,1980,1,0.09,0.72,1.81
West Virginia,WV,1979,0.94,0.09,0.75,1.77
West Virginia,WV,1978,0.93,0.09,0.76,1.78
West Virginia,WV,1977,0.95,0.09,0.76,1.8
Wisconsin,WI,2016,1.36,0.4,1.22,2.98
Wisconsin,WI,2015,1.39,0.39,1.2,2.98
Wisconsin,WI,2014,1.41,0.38,1.18,2.97
Wisconsin,WI,2013,1.45,0.38,1.17,2.99
Wisconsin,WI,2012,1.46,0.37,1.18,3.02
Wisconsin,WI,2011,1.46,0.37,1.16,2.98
Wisconsin,WI,2010,1.49,0.32,1.13,2.94
Wisconsin,WI,2009,1.49,0.31,1.16,2.96
Wisconsin,WI,2008,1.55,0.34,1.13,3.01
Wisconsin,WI,2007,1.56,0.33,1.11,3
Wisconsin,WI,2006,1.58,0.32,1.09,2.99
Wisconsin,WI,2005,1.58,0.31,1.07,2.95
Wisconsin,WI,2004,1.53,0.3,1.02,2.85
Wisconsin,WI,2003,1.53,0.29,1,2.82
Wisconsin,WI,2002,1.56,0.28,0.98,2.82
Wisconsin,WI,2001,1.54,0.26,0.95,2.75
Wisconsin,WI,2000,1.53,0.27,0.95,2.76
Wisconsin,WI,1999,1.53,0.26,0.92,2.72
Wisconsin,WI,1998,1.58,0.26,0.9,2.74
Wisconsin,WI,1997,1.57,0.25,0.89,2.71
Wisconsin,WI,1996,1.53,0.24,0.88,2.65
Wisconsin,WI,1995,1.64,0.23,0.87,2.73
Wisconsin,WI,1994,1.58,0.22,0.91,2.72
Wisconsin,WI,1993,1.59,0.22,0.89,2.71
Wisconsin,WI,1992,1.59,0.25,0.9,2.74
Wisconsin,WI,1991,1.65,0.27,0.84,2.76
Wisconsin,WI,1990,1.74,0.31,1.03,3.07
Wisconsin,WI,1989,1.72,0.31,0.96,2.99
Wisconsin,WI,1988,1.76,0.33,0.95,3.05
Wisconsin,WI,1987,1.8,0.36,0.98,3.14
Wisconsin,WI,1986,1.88,0.34,0.96,3.18
Wisconsin,WI,1985,1.83,0.32,1.06,3.2
Wisconsin,WI,1984,1.87,0.31,1.03,3.21
Wisconsin,WI,1983,1.94,0.34,1.07,3.35
Wisconsin,WI,1982,1.95,0.3,1.05,3.3
Wisconsin,WI,1981,1.96,0.32,1.21,3.48
Wisconsin,WI,1980,1.95,0.31,1.19,3.45
Wisconsin,WI,1979,1.92,0.28,1.19,3.39
Wisconsin,WI,1978,1.83,0.28,1.2,3.31
Wisconsin,WI,1977,1.81,0.27,1.28,3.37
Wyoming,WY,2016,1.18,0.32,1.17,2.67
Wyoming,WY,2015,1.24,0.31,1.18,2.74
Wyoming,WY,2014,1.25,0.31,1.16,2.72
Wyoming,WY,2013,1.24,0.29,1.13,2.67
Wyoming,WY,2012,1.32,0.28,1.13,2.73
Wyoming,WY,2011,1.29,0.27,1.1,2.66
Wyoming,WY,2010,1.33,0.27,1.06,2.66
Wyoming,WY,2009,1.4,0.27,1.06,2.73
Wyoming,WY,2008,1.5,0.27,1.09,2.87
Wyoming,WY,2007,1.46,0.27,1.07,2.8
Wyoming,WY,2006,1.44,0.26,1.03,2.72
Wyoming,WY,2005,1.2,0.25,0.96,2.41
Wyoming,WY,2004,1.42,0.24,0.92,2.58
Wyoming,WY,2003,1.7,0.23,0.9,2.84
Wyoming,WY,2002,1.46,0.23,0.88,2.57
Wyoming,WY,2001,1.44,0.22,0.88,2.53
Wyoming,WY,2000,1.42,0.22,0.86,2.5
Wyoming,WY,1999,1.41,0.22,0.84,2.47
Wyoming,WY,1998,1.37,0.17,0.81,2.36
Wyoming,WY,1997,1.41,0.17,0.81,2.4
Wyoming,WY,1996,1.35,0.17,0.81,2.33
Wyoming,WY,1995,1.34,0.16,0.8,2.29
Wyoming,WY,1994,1.42,0.18,0.83,2.43
Wyoming,WY,1993,1.4,0.19,0.86,2.45
Wyoming,WY,1992,1.44,0.2,0.91,2.56
Wyoming,WY,1991,1.45,0.2,0.9,2.56
Wyoming,WY,1990,1.48,0.22,0.93,2.63
Wyoming,WY,1989,1.41,0.23,0.86,2.5
Wyoming,WY,1988,1.45,0.24,0.87,2.56
Wyoming,WY,1987,1.51,0.25,0.9,2.66
Wyoming,WY,1986,1.51,0.27,0.96,2.73
Wyoming,WY,1985,1.59,0.25,1.05,2.89
Wyoming,WY,1984,1.61,0.23,1.06,2.89
Wyoming,WY,1983,1.68,0.22,1.11,3.01
Wyoming,WY,1982,1.78,0.24,1.2,3.22
Wyoming,WY,1981,1.91,0.24,1.27,3.43
Wyoming,WY,1980,1.85,0.24,1.32,3.41
Wyoming,WY,1979,1.86,0.22,1.3,3.39
Wyoming,WY,1978,1.81,0.22,1.35,3.38
Wyoming,WY,1977,1.78,0.2,1.31,3.29
